{
  "jb007a": {
    "download": "https://fightcade.download/fbneo/sg1000/jb007a.zip",
    "require": [
      "jb007"
    ]
  },
  "jb007": {
    "download": "https://fightcade.download/fbneo/sg1000/jb007.zip"
  },
  "jb007t": {
    "download": "https://fightcade.download/fbneo/sg1000/jb007t.zip",
    "require": [
      "jb007"
    ]
  },
  "bankp": {
    "download": "https://fightcade.download/fbneo/sg1000/bankp.zip"
  },
  "bombjackk2": {
    "download": "https://fightcade.download/fbneo/sg1000/bombjackk2.zip",
    "require": [
      "bombjack"
    ]
  },
  "bilidada": {
    "download": "https://fightcade.download/fbneo/sg1000/bilidada.zip",
    "require": [
      "bankp"
    ]
  },
  "bombjack": {
    "download": "https://fightcade.download/fbneo/sg1000/bombjack.zip"
  },
  "bombjackk1": {
    "download": "https://fightcade.download/fbneo/sg1000/bombjackk1.zip",
    "require": [
      "bombjack"
    ]
  },
  "bombjackt1": {
    "download": "https://fightcade.download/fbneo/sg1000/bombjackt1.zip",
    "require": [
      "bombjack"
    ]
  },
  "bombmnsp": {
    "download": "https://fightcade.download/fbneo/sg1000/bombmnsp.zip"
  },
  "bordrlin": {
    "download": "https://fightcade.download/fbneo/sg1000/bordrlin.zip"
  },
  "cso": {
    "download": "https://fightcade.download/fbneo/sg1000/cso.zip"
  },
  "cabkids": {
    "download": "https://fightcade.download/fbneo/sg1000/cabkids.zip"
  },
  "chackn": {
    "download": "https://fightcade.download/fbneo/sg1000/chackn.zip"
  },
  "chaldrby": {
    "download": "https://fightcade.download/fbneo/sg1000/chaldrby.zip"
  },
  "chaldrbya": {
    "download": "https://fightcade.download/fbneo/sg1000/chaldrbya.zip",
    "require": [
      "chaldrby"
    ]
  },
  "chaldrbyb": {
    "download": "https://fightcade.download/fbneo/sg1000/chaldrbyb.zip",
    "require": [
      "chaldrby"
    ]
  },
  "champbas": {
    "download": "https://fightcade.download/fbneo/sg1000/champbas.zip"
  },
  "champbasa": {
    "download": "https://fightcade.download/fbneo/sg1000/champbasa.zip",
    "require": [
      "champbas"
    ]
  },
  "champbast": {
    "download": "https://fightcade.download/fbneo/sg1000/champbast.zip",
    "require": [
      "champbas"
    ]
  },
  "champbil": {
    "download": "https://fightcade.download/fbneo/sg1000/champbil.zip"
  },
  "champbox": {
    "download": "https://fightcade.download/fbneo/sg1000/champbox.zip"
  },
  "champbox1": {
    "download": "https://fightcade.download/fbneo/sg1000/champbox1.zip",
    "require": [
      "champbox"
    ]
  },
  "champboxt": {
    "download": "https://fightcade.download/fbneo/sg1000/champboxt.zip",
    "require": [
      "champbox"
    ]
  },
  "champglf": {
    "download": "https://fightcade.download/fbneo/sg1000/champglf.zip"
  },
  "champglf1": {
    "download": "https://fightcade.download/fbneo/sg1000/champglf1.zip",
    "require": [
      "champglf"
    ]
  },
  "champglfk": {
    "download": "https://fightcade.download/fbneo/sg1000/champglfk.zip",
    "require": [
      "champglf"
    ]
  },
  "champice": {
    "download": "https://fightcade.download/fbneo/sg1000/champice.zip"
  },
  "champicek": {
    "download": "https://fightcade.download/fbneo/sg1000/champicek.zip",
    "require": [
      "champice"
    ]
  },
  "champken": {
    "download": "https://fightcade.download/fbneo/sg1000/champken.zip"
  },
  "champpwr": {
    "download": "https://fightcade.download/fbneo/sg1000/champpwr.zip"
  },
  "champscr": {
    "download": "https://fightcade.download/fbneo/sg1000/champscr.zip"
  },
  "champscrt": {
    "download": "https://fightcade.download/fbneo/sg1000/champscrt.zip",
    "require": [
      "champscr"
    ]
  },
  "champtns": {
    "download": "https://fightcade.download/fbneo/sg1000/champtns.zip"
  },
  "cloderun": {
    "download": "https://fightcade.download/fbneo/sg1000/cloderun.zip"
  },
  "supertnkt": {
    "download": "https://fightcade.download/fbneo/sg1000/supertnkt.zip",
    "require": [
      "supertnk"
    ]
  },
  "bombjackt2": {
    "download": "https://fightcade.download/fbneo/sg1000/bombjackt2.zip",
    "require": [
      "bombjack"
    ]
  },
  "choplift": {
    "download": "https://fightcade.download/fbneo/sg1000/choplift.zip"
  },
  "chopliftp": {
    "download": "https://fightcade.download/fbneo/sg1000/chopliftp.zip",
    "require": [
      "choplift"
    ]
  },
  "chopliftk": {
    "download": "https://fightcade.download/fbneo/sg1000/chopliftk.zip",
    "require": [
      "choplift"
    ]
  },
  "chopliftt": {
    "download": "https://fightcade.download/fbneo/sg1000/chopliftt.zip",
    "require": [
      "choplift"
    ]
  },
  "circusck": {
    "download": "https://fightcade.download/fbneo/sg1000/circusck.zip",
    "require": [
      "circusc"
    ]
  },
  "congoa": {
    "download": "https://fightcade.download/fbneo/sg1000/congoa.zip",
    "require": [
      "congo"
    ]
  },
  "congo": {
    "download": "https://fightcade.download/fbneo/sg1000/congo.zip"
  },
  "congob": {
    "download": "https://fightcade.download/fbneo/sg1000/congob.zip",
    "require": [
      "congo"
    ]
  },
  "congot": {
    "download": "https://fightcade.download/fbneo/sg1000/congot.zip",
    "require": [
      "congo"
    ]
  },
  "dayu": {
    "download": "https://fightcade.download/fbneo/sg1000/dayu.zip",
    "require": [
      "chackn"
    ]
  },
  "elevatort": {
    "download": "https://fightcade.download/fbneo/sg1000/elevatort.zip",
    "require": [
      "elevator"
    ]
  },
  "dokidoki": {
    "download": "https://fightcade.download/fbneo/sg1000/dokidoki.zip"
  },
  "dragwang1": {
    "download": "https://fightcade.download/fbneo/sg1000/dragwang1.zip",
    "require": [
      "dragwang"
    ]
  },
  "dragwang": {
    "download": "https://fightcade.download/fbneo/sg1000/dragwang.zip"
  },
  "drol": {
    "download": "https://fightcade.download/fbneo/sg1000/drol.zip"
  },
  "drolk": {
    "download": "https://fightcade.download/fbneo/sg1000/drolk.zip",
    "require": [
      "drol"
    ]
  },
  "drolt": {
    "download": "https://fightcade.download/fbneo/sg1000/drolt.zip",
    "require": [
      "drol"
    ]
  },
  "elevator": {
    "download": "https://fightcade.download/fbneo/sg1000/elevator.zip"
  },
  "exerion": {
    "download": "https://fightcade.download/fbneo/sg1000/exerion.zip"
  },
  "exerionk": {
    "download": "https://fightcade.download/fbneo/sg1000/exerionk.zip",
    "require": [
      "exerion"
    ]
  },
  "exeriont": {
    "download": "https://fightcade.download/fbneo/sg1000/exeriont.zip",
    "require": [
      "exerion"
    ]
  },
  "faguiqib": {
    "download": "https://fightcade.download/fbneo/sg1000/faguiqib.zip",
    "require": [
      "pitfall2"
    ]
  },
  "faguiqiba": {
    "download": "https://fightcade.download/fbneo/sg1000/faguiqiba.zip",
    "require": [
      "pitfall2"
    ]
  },
  "feilang": {
    "download": "https://fightcade.download/fbneo/sg1000/feilang.zip",
    "require": [
      "choplift"
    ]
  },
  "feilanga": {
    "download": "https://fightcade.download/fbneo/sg1000/feilanga.zip",
    "require": [
      "choplift"
    ]
  },
  "flickya": {
    "download": "https://fightcade.download/fbneo/sg1000/flickya.zip",
    "require": [
      "flicky"
    ]
  },
  "flicky": {
    "download": "https://fightcade.download/fbneo/sg1000/flicky.zip"
  },
  "flickyt": {
    "download": "https://fightcade.download/fbneo/sg1000/flickyt.zip",
    "require": [
      "flicky"
    ]
  },
  "segaflipt": {
    "download": "https://fightcade.download/fbneo/sg1000/segaflipt.zip",
    "require": [
      "segaflip"
    ]
  },
  "galaga": {
    "download": "https://fightcade.download/fbneo/sg1000/galaga.zip",
    "require": [
      "segagala"
    ]
  },
  "girlgard": {
    "download": "https://fightcade.download/fbneo/sg1000/girlgard.zip"
  },
  "girlgardt": {
    "download": "https://fightcade.download/fbneo/sg1000/girlgardt.zip",
    "require": [
      "girlgard"
    ]
  },
  "golgo13": {
    "download": "https://fightcade.download/fbneo/sg1000/golgo13.zip"
  },
  "gpworlda": {
    "download": "https://fightcade.download/fbneo/sg1000/gpworlda.zip",
    "require": [
      "gpworld"
    ]
  },
  "gpworld": {
    "download": "https://fightcade.download/fbneo/sg1000/gpworld.zip"
  },
  "gpworldt": {
    "download": "https://fightcade.download/fbneo/sg1000/gpworldt.zip",
    "require": [
      "gpworld"
    ]
  },
  "gulkave": {
    "download": "https://fightcade.download/fbneo/sg1000/gulkave.zip"
  },
  "gulkavek": {
    "download": "https://fightcade.download/fbneo/sg1000/gulkavek.zip",
    "require": [
      "gulkave"
    ]
  },
  "guzzler": {
    "download": "https://fightcade.download/fbneo/sg1000/guzzler.zip"
  },
  "guzzlert": {
    "download": "https://fightcade.download/fbneo/sg1000/guzzlert.zip",
    "require": [
      "guzzler"
    ]
  },
  "hero": {
    "download": "https://fightcade.download/fbneo/sg1000/hero.zip"
  },
  "hangon2": {
    "download": "https://fightcade.download/fbneo/sg1000/hangon2.zip"
  },
  "hangon2t1": {
    "download": "https://fightcade.download/fbneo/sg1000/hangon2t1.zip",
    "require": [
      "hangon2"
    ]
  },
  "heibaiqi": {
    "download": "https://fightcade.download/fbneo/sg1000/heibaiqi.zip",
    "require": [
      "othello"
    ]
  },
  "homemj1": {
    "download": "https://fightcade.download/fbneo/sg1000/homemj1.zip",
    "require": [
      "mahjong"
    ]
  },
  "homemj": {
    "download": "https://fightcade.download/fbneo/sg1000/homemj.zip",
    "require": [
      "mahjong"
    ]
  },
  "huohuli": {
    "download": "https://fightcade.download/fbneo/sg1000/huohuli.zip",
    "require": [
      "zoom909"
    ]
  },
  "huojiche": {
    "download": "https://fightcade.download/fbneo/sg1000/huojiche.zip",
    "require": [
      "roadfght"
    ]
  },
  "hustle": {
    "download": "https://fightcade.download/fbneo/sg1000/hustle.zip"
  },
  "hyperspt": {
    "download": "https://fightcade.download/fbneo/sg1000/hyperspt.zip"
  },
  "hypersptk": {
    "download": "https://fightcade.download/fbneo/sg1000/hypersptk.zip",
    "require": [
      "hyperspt"
    ]
  },
  "hypersptt": {
    "download": "https://fightcade.download/fbneo/sg1000/hypersptt.zip",
    "require": [
      "hyperspt"
    ]
  },
  "hypersp2": {
    "download": "https://fightcade.download/fbneo/sg1000/hypersp2.zip"
  },
  "iq": {
    "download": "https://fightcade.download/fbneo/sg1000/iq.zip",
    "require": [
      "sokoban"
    ]
  },
  "champkent": {
    "download": "https://fightcade.download/fbneo/sg1000/champkent.zip",
    "require": [
      "champken"
    ]
  },
  "jingwumn": {
    "download": "https://fightcade.download/fbneo/sg1000/jingwumn.zip",
    "require": [
      "dragwang"
    ]
  },
  "jingwumna": {
    "download": "https://fightcade.download/fbneo/sg1000/jingwumna.zip",
    "require": [
      "dragwang"
    ]
  },
  "jinzita": {
    "download": "https://fightcade.download/fbneo/sg1000/jinzita.zip"
  },
  "moyuchua": {
    "download": "https://fightcade.download/fbneo/sg1000/moyuchua.zip"
  },
  "ldrun": {
    "download": "https://fightcade.download/fbneo/sg1000/ldrun.zip"
  },
  "ldrunk": {
    "download": "https://fightcade.download/fbneo/sg1000/ldrunk.zip",
    "require": [
      "ldrun"
    ]
  },
  "ldrunt": {
    "download": "https://fightcade.download/fbneo/sg1000/ldrunt.zip",
    "require": [
      "ldrun"
    ]
  },
  "mkidwiz": {
    "download": "https://fightcade.download/fbneo/sg1000/mkidwiz.zip"
  },
  "magtree": {
    "download": "https://fightcade.download/fbneo/sg1000/magtree.zip"
  },
  "mahjong": {
    "download": "https://fightcade.download/fbneo/sg1000/mahjong.zip"
  },
  "mahjonga": {
    "download": "https://fightcade.download/fbneo/sg1000/mahjonga.zip",
    "require": [
      "mahjong"
    ]
  },
  "mahjongt": {
    "download": "https://fightcade.download/fbneo/sg1000/mahjongt.zip",
    "require": [
      "mahjong"
    ]
  },
  "circusc": {
    "download": "https://fightcade.download/fbneo/sg1000/circusc.zip"
  },
  "motianda": {
    "download": "https://fightcade.download/fbneo/sg1000/motianda.zip",
    "require": [
      "rocknbol"
    ]
  },
  "monacogpb": {
    "download": "https://fightcade.download/fbneo/sg1000/monacogpb.zip",
    "require": [
      "monacogp"
    ]
  },
  "monacogpa": {
    "download": "https://fightcade.download/fbneo/sg1000/monacogpa.zip",
    "require": [
      "monacogp"
    ]
  },
  "monacogp": {
    "download": "https://fightcade.download/fbneo/sg1000/monacogp.zip"
  },
  "monacogpt": {
    "download": "https://fightcade.download/fbneo/sg1000/monacogpt.zip",
    "require": [
      "monacogp"
    ]
  },
  "hangon2t2": {
    "download": "https://fightcade.download/fbneo/sg1000/hangon2t2.zip",
    "require": [
      "hangon2"
    ]
  },
  "castlet": {
    "download": "https://fightcade.download/fbneo/sg1000/castlet.zip",
    "require": [
      "castle"
    ]
  },
  "musicj": {
    "download": "https://fightcade.download/fbneo/sg1000/musicj.zip"
  },
  "nsub": {
    "download": "https://fightcade.download/fbneo/sg1000/nsub.zip"
  },
  "nsuba": {
    "download": "https://fightcade.download/fbneo/sg1000/nsuba.zip",
    "require": [
      "nsub"
    ]
  },
  "nsubb": {
    "download": "https://fightcade.download/fbneo/sg1000/nsubb.zip",
    "require": [
      "nsub"
    ]
  },
  "nsubt": {
    "download": "https://fightcade.download/fbneo/sg1000/nsubt.zip",
    "require": [
      "nsub"
    ]
  },
  "ninjapri": {
    "download": "https://fightcade.download/fbneo/sg1000/ninjapri.zip"
  },
  "matchpg": {
    "download": "https://fightcade.download/fbneo/sg1000/matchpg.zip"
  },
  "matchpga": {
    "download": "https://fightcade.download/fbneo/sg1000/matchpga.zip",
    "require": [
      "matchpg"
    ]
  },
  "matchpgt": {
    "download": "https://fightcade.download/fbneo/sg1000/matchpgt.zip",
    "require": [
      "matchpg"
    ]
  },
  "orguss": {
    "download": "https://fightcade.download/fbneo/sg1000/orguss.zip"
  },
  "othello": {
    "download": "https://fightcade.download/fbneo/sg1000/othello.zip"
  },
  "pacar": {
    "download": "https://fightcade.download/fbneo/sg1000/pacar.zip"
  },
  "pacara": {
    "download": "https://fightcade.download/fbneo/sg1000/pacara.zip",
    "require": [
      "pacar"
    ]
  },
  "pacart": {
    "download": "https://fightcade.download/fbneo/sg1000/pacart.zip",
    "require": [
      "pacar"
    ]
  },
  "pachinko": {
    "download": "https://fightcade.download/fbneo/sg1000/pachinko.zip"
  },
  "pachink2": {
    "download": "https://fightcade.download/fbneo/sg1000/pachink2.zip"
  },
  "pachink2t": {
    "download": "https://fightcade.download/fbneo/sg1000/pachink2t.zip",
    "require": [
      "pachink2"
    ]
  },
  "pingpong": {
    "download": "https://fightcade.download/fbneo/sg1000/pingpong.zip"
  },
  "pitfall2a": {
    "download": "https://fightcade.download/fbneo/sg1000/pitfall2a.zip",
    "require": [
      "pitfall2"
    ]
  },
  "pitfall2": {
    "download": "https://fightcade.download/fbneo/sg1000/pitfall2.zip"
  },
  "popflame": {
    "download": "https://fightcade.download/fbneo/sg1000/popflame.zip"
  },
  "popflamet": {
    "download": "https://fightcade.download/fbneo/sg1000/popflamet.zip",
    "require": [
      "popflame"
    ]
  },
  "qbert": {
    "download": "https://fightcade.download/fbneo/sg1000/qbert.zip"
  },
  "qie": {
    "download": "https://fightcade.download/fbneo/sg1000/qie.zip",
    "require": [
      "dokidoki"
    ]
  },
  "herot": {
    "download": "https://fightcade.download/fbneo/sg1000/herot.zip",
    "require": [
      "hero"
    ]
  },
  "champicet": {
    "download": "https://fightcade.download/fbneo/sg1000/champicet.zip",
    "require": [
      "champice"
    ]
  },
  "rallyx": {
    "download": "https://fightcade.download/fbneo/sg1000/rallyx.zip"
  },
  "ninjaprit": {
    "download": "https://fightcade.download/fbneo/sg1000/ninjaprit.zip",
    "require": [
      "ninjapri"
    ]
  },
  "roadfght": {
    "download": "https://fightcade.download/fbneo/sg1000/roadfght.zip"
  },
  "rocknbol": {
    "download": "https://fightcade.download/fbneo/sg1000/rocknbol.zip"
  },
  "safarihu": {
    "download": "https://fightcade.download/fbneo/sg1000/safarihu.zip"
  },
  "safarihut": {
    "download": "https://fightcade.download/fbneo/sg1000/safarihut.zip",
    "require": [
      "safarihu"
    ]
  },
  "safarirc": {
    "download": "https://fightcade.download/fbneo/sg1000/safarirc.zip"
  },
  "safarircj": {
    "download": "https://fightcade.download/fbneo/sg1000/safarircj.zip",
    "require": [
      "safarirc"
    ]
  },
  "safarirct": {
    "download": "https://fightcade.download/fbneo/sg1000/safarirct.zip",
    "require": [
      "safarirc"
    ]
  },
  "3ninmj": {
    "download": "https://fightcade.download/fbneo/sg1000/3ninmj.zip",
    "require": [
      "mahjong"
    ]
  },
  "3ninmjt": {
    "download": "https://fightcade.download/fbneo/sg1000/3ninmjt.zip",
    "require": [
      "mahjong"
    ]
  },
  "segaflip": {
    "download": "https://fightcade.download/fbneo/sg1000/segaflip.zip"
  },
  "segaflipa": {
    "download": "https://fightcade.download/fbneo/sg1000/segaflipa.zip",
    "require": [
      "segaflip"
    ]
  },
  "music": {
    "download": "https://fightcade.download/fbneo/sg1000/music.zip"
  },
  "segagala": {
    "download": "https://fightcade.download/fbneo/sg1000/segagala.zip"
  },
  "segagala1": {
    "download": "https://fightcade.download/fbneo/sg1000/segagala1.zip",
    "require": [
      "segagala"
    ]
  },
  "serizawa": {
    "download": "https://fightcade.download/fbneo/sg1000/serizawa.zip"
  },
  "m2cp": {
    "download": "https://fightcade.download/fbneo/sg1000/m2cp.zip"
  },
  "shinnyus": {
    "download": "https://fightcade.download/fbneo/sg1000/shinnyus.zip"
  },
  "shinnyust": {
    "download": "https://fightcade.download/fbneo/sg1000/shinnyust.zip",
    "require": [
      "shinnyus"
    ]
  },
  "sindbadm": {
    "download": "https://fightcade.download/fbneo/sg1000/sindbadm.zip"
  },
  "sindbadmt": {
    "download": "https://fightcade.download/fbneo/sg1000/sindbadmt.zip",
    "require": [
      "sindbadm"
    ]
  },
  "sokoban": {
    "download": "https://fightcade.download/fbneo/sg1000/sokoban.zip"
  },
  "sokobank": {
    "download": "https://fightcade.download/fbneo/sg1000/sokobank.zip",
    "require": [
      "sokoban"
    ]
  },
  "sokobant": {
    "download": "https://fightcade.download/fbneo/sg1000/sokobant.zip",
    "require": [
      "sokoban"
    ]
  },
  "spacearmb": {
    "download": "https://fightcade.download/fbneo/sg1000/spacearmb.zip",
    "require": [
      "spacearm"
    ]
  },
  "spacearm": {
    "download": "https://fightcade.download/fbneo/sg1000/spacearm.zip"
  },
  "spacearma": {
    "download": "https://fightcade.download/fbneo/sg1000/spacearma.zip",
    "require": [
      "spacearm"
    ]
  },
  "spaceinv": {
    "download": "https://fightcade.download/fbneo/sg1000/spaceinv.zip"
  },
  "spaceinvt": {
    "download": "https://fightcade.download/fbneo/sg1000/spaceinvt.zip",
    "require": [
      "spaceinv"
    ]
  },
  "spacemnt": {
    "download": "https://fightcade.download/fbneo/sg1000/spacemnt.zip"
  },
  "spacesla": {
    "download": "https://fightcade.download/fbneo/sg1000/spacesla.zip"
  },
  "starfrce": {
    "download": "https://fightcade.download/fbneo/sg1000/starfrce.zip"
  },
  "starfrcet": {
    "download": "https://fightcade.download/fbneo/sg1000/starfrcet.zip",
    "require": [
      "starfrce"
    ]
  },
  "starfrceta": {
    "download": "https://fightcade.download/fbneo/sg1000/starfrceta.zip",
    "require": [
      "starfrce"
    ]
  },
  "starjack1": {
    "download": "https://fightcade.download/fbneo/sg1000/starjack1.zip",
    "require": [
      "starjack"
    ]
  },
  "starjack": {
    "download": "https://fightcade.download/fbneo/sg1000/starjack.zip"
  },
  "starjack2": {
    "download": "https://fightcade.download/fbneo/sg1000/starjack2.zip",
    "require": [
      "starjack"
    ]
  },
  "starjackt": {
    "download": "https://fightcade.download/fbneo/sg1000/starjackt.zip",
    "require": [
      "starjack"
    ]
  },
  "supertnk": {
    "download": "https://fightcade.download/fbneo/sg1000/supertnk.zip"
  },
  "supertnkk": {
    "download": "https://fightcade.download/fbneo/sg1000/supertnkk.zip",
    "require": [
      "supertnk"
    ]
  },
  "superuwol": {
    "download": "https://fightcade.download/fbneo/sg1000/superuwol.zip"
  },
  "wboyt": {
    "download": "https://fightcade.download/fbneo/sg1000/wboyt.zip",
    "require": [
      "wboy"
    ]
  },
  "terebioe": {
    "download": "https://fightcade.download/fbneo/sg1000/terebioe.zip"
  },
  "blckonyx": {
    "download": "https://fightcade.download/fbneo/sg1000/blckonyx.zip"
  },
  "castle": {
    "download": "https://fightcade.download/fbneo/sg1000/castle.zip"
  },
  "sxpao": {
    "download": "https://fightcade.download/fbneo/sg1000/sxpao.zip"
  },
  "csot": {
    "download": "https://fightcade.download/fbneo/sg1000/csot.zip",
    "require": [
      "cso"
    ]
  },
  "wboya": {
    "download": "https://fightcade.download/fbneo/sg1000/wboya.zip",
    "require": [
      "wboy"
    ]
  },
  "wboy": {
    "download": "https://fightcade.download/fbneo/sg1000/wboy.zip"
  },
  "cloderunt": {
    "download": "https://fightcade.download/fbneo/sg1000/cloderunt.zip",
    "require": [
      "cloderun"
    ]
  },
  "yamato": {
    "download": "https://fightcade.download/fbneo/sg1000/yamato.zip"
  },
  "yamatoa": {
    "download": "https://fightcade.download/fbneo/sg1000/yamatoa.zip",
    "require": [
      "yamato"
    ]
  },
  "yamatot": {
    "download": "https://fightcade.download/fbneo/sg1000/yamatot.zip",
    "require": [
      "yamato"
    ]
  },
  "yiear": {
    "download": "https://fightcade.download/fbneo/sg1000/yiear.zip"
  },
  "dacike": {
    "download": "https://fightcade.download/fbneo/sg1000/dacike.zip"
  },
  "homemjt": {
    "download": "https://fightcade.download/fbneo/sg1000/homemjt.zip",
    "require": [
      "mahjong"
    ]
  },
  "zaxxon": {
    "download": "https://fightcade.download/fbneo/sg1000/zaxxon.zip"
  },
  "zaxxont": {
    "download": "https://fightcade.download/fbneo/sg1000/zaxxont.zip",
    "require": [
      "zaxxon"
    ]
  },
  "zippyrac": {
    "download": "https://fightcade.download/fbneo/sg1000/zippyrac.zip"
  },
  "zippyract": {
    "download": "https://fightcade.download/fbneo/sg1000/zippyract.zip",
    "require": [
      "zippyrac"
    ]
  },
  "zoom909": {
    "download": "https://fightcade.download/fbneo/sg1000/zoom909.zip"
  }
}