{
  "4pak": {
    "download": "https://fightcade.download/fbneo/sms/4pak.zip"
  },
  "94swc": {
    "download": "https://fightcade.download/fbneo/sms/94swc.zip"
  },
  "aceoface": {
    "download": "https://fightcade.download/fbneo/sms/aceoface.zip"
  },
  "actionfg1": {
    "download": "https://fightcade.download/fbneo/sms/actionfg1.zip",
    "require": [
      "actionfg"
    ]
  },
  "actionfg": {
    "download": "https://fightcade.download/fbneo/sms/actionfg.zip"
  },
  "herolanc": {
    "download": "https://fightcade.download/fbneo/sms/herolanc.zip"
  },
  "aerialas": {
    "download": "https://fightcade.download/fbneo/sms/aerialas.zip"
  },
  "aerialasu": {
    "download": "https://fightcade.download/fbneo/sms/aerialasu.zip",
    "require": [
      "aerialas"
    ]
  },
  "aburner": {
    "download": "https://fightcade.download/fbneo/sms/aburner.zip"
  },
  "agidooly": {
    "download": "https://fightcade.download/fbneo/sms/agidooly.zip",
    "require": [
      "dinodool"
    ]
  },
  "airresc": {
    "download": "https://fightcade.download/fbneo/sms/airresc.zip"
  },
  "aleste": {
    "download": "https://fightcade.download/fbneo/sms/aleste.zip",
    "require": [
      "pstrike"
    ]
  },
  "alesteiigg2sms": {
    "download": "https://fightcade.download/fbneo/sms/alesteiigg2sms.zip"
  },
  "alexhitw": {
    "download": "https://fightcade.download/fbneo/sms/alexhitw.zip"
  },
  "alexlost": {
    "download": "https://fightcade.download/fbneo/sms/alexlost.zip"
  },
  "alexbmx": {
    "download": "https://fightcade.download/fbneo/sms/alexbmx.zip"
  },
  "alexkiddb": {
    "download": "https://fightcade.download/fbneo/sms/alexkiddb.zip",
    "require": [
      "alexkidd"
    ]
  },
  "alexkidd1": {
    "download": "https://fightcade.download/fbneo/sms/alexkidd1.zip",
    "require": [
      "alexkidd"
    ]
  },
  "alexkidd": {
    "download": "https://fightcade.download/fbneo/sms/alexkidd.zip"
  },
  "alexkidd2": {
    "download": "https://fightcade.download/fbneo/sms/alexkidd2.zip"
  },
  "akrr102e": {
    "download": "https://fightcade.download/fbneo/sms/akrr102e.zip",
    "require": [
      "alexkidd"
    ]
  },
  "alexshin": {
    "download": "https://fightcade.download/fbneo/sms/alexshin.zip"
  },
  "alexkiddj": {
    "download": "https://fightcade.download/fbneo/sms/alexkiddj.zip",
    "require": [
      "alexkidd"
    ]
  },
  "alf": {
    "download": "https://fightcade.download/fbneo/sms/alf.zip"
  },
  "alibaba": {
    "download": "https://fightcade.download/fbneo/sms/alibaba.zip"
  },
  "alien3": {
    "download": "https://fightcade.download/fbneo/sms/alien3.zip"
  },
  "astorm": {
    "download": "https://fightcade.download/fbneo/sms/astorm.zip"
  },
  "aliensyn": {
    "download": "https://fightcade.download/fbneo/sms/aliensyn.zip"
  },
  "aliensynj": {
    "download": "https://fightcade.download/fbneo/sms/aliensynj.zip",
    "require": [
      "aliensyn"
    ]
  },
  "aliensynp": {
    "download": "https://fightcade.download/fbneo/sms/aliensynp.zip",
    "require": [
      "aliensyn"
    ]
  },
  "altbeast": {
    "download": "https://fightcade.download/fbneo/sms/altbeast.zip"
  },
  "ameribb": {
    "download": "https://fightcade.download/fbneo/sms/ameribb.zip"
  },
  "ameripf": {
    "download": "https://fightcade.download/fbneo/sms/ameripf.zip"
  },
  "agassi": {
    "download": "https://fightcade.download/fbneo/sms/agassi.zip"
  },
  "anmitsu": {
    "download": "https://fightcade.download/fbneo/sms/anmitsu.zip",
    "require": [
      "alexhitw"
    ]
  },
  "arcadesh": {
    "download": "https://fightcade.download/fbneo/sms/arcadesh.zip"
  },
  "argosnj": {
    "download": "https://fightcade.download/fbneo/sms/argosnj.zip"
  },
  "argosnj1": {
    "download": "https://fightcade.download/fbneo/sms/argosnj1.zip",
    "require": [
      "argosnj"
    ]
  },
  "tvcolos": {
    "download": "https://fightcade.download/fbneo/sms/tvcolos.zip",
    "require": [
      "asterix"
    ]
  },
  "ashura": {
    "download": "https://fightcade.download/fbneo/sms/ashura.zip",
    "require": [
      "secret"
    ]
  },
  "assaultc1": {
    "download": "https://fightcade.download/fbneo/sms/assaultc1.zip",
    "require": [
      "assaultc"
    ]
  },
  "assaultc": {
    "download": "https://fightcade.download/fbneo/sms/assaultc.zip"
  },
  "asterix1": {
    "download": "https://fightcade.download/fbneo/sms/asterix1.zip",
    "require": [
      "asterix"
    ]
  },
  "asterix": {
    "download": "https://fightcade.download/fbneo/sms/asterix.zip"
  },
  "astergre": {
    "download": "https://fightcade.download/fbneo/sms/astergre.zip"
  },
  "astermis": {
    "download": "https://fightcade.download/fbneo/sms/astermis.zip"
  },
  "astrofl": {
    "download": "https://fightcade.download/fbneo/sms/astrofl.zip",
    "require": [
      "transbot"
    ]
  },
  "astrofl1": {
    "download": "https://fightcade.download/fbneo/sms/astrofl1.zip",
    "require": [
      "transbot"
    ]
  },
  "astrow": {
    "download": "https://fightcade.download/fbneo/sms/astrow.zip"
  },
  "astropit": {
    "download": "https://fightcade.download/fbneo/sms/astropit.zip"
  },
  "smgp2": {
    "download": "https://fightcade.download/fbneo/sms/smgp2.zip"
  },
  "aztecadv": {
    "download": "https://fightcade.download/fbneo/sms/aztecadv.zip"
  },
  "backtof2": {
    "download": "https://fightcade.download/fbneo/sms/backtof2.zip"
  },
  "backtof3": {
    "download": "https://fightcade.download/fbneo/sms/backtof3.zip"
  },
  "bakubaku": {
    "download": "https://fightcade.download/fbneo/sms/bakubaku.zip"
  },
  "bankp": {
    "download": "https://fightcade.download/fbneo/sms/bankp.zip"
  },
  "baraburu10": {
    "download": "https://fightcade.download/fbneo/sms/baraburu10.zip"
  },
  "basketn": {
    "download": "https://fightcade.download/fbneo/sms/basketn.zip"
  },
  "batmanrn": {
    "download": "https://fightcade.download/fbneo/sms/batmanrn.zip"
  },
  "battleor": {
    "download": "https://fightcade.download/fbneo/sms/battleor.zip"
  },
  "bmaniacs": {
    "download": "https://fightcade.download/fbneo/sms/bmaniacs.zip"
  },
  "blackblt": {
    "download": "https://fightcade.download/fbneo/sms/blackblt.zip"
  },
  "bladeag1": {
    "download": "https://fightcade.download/fbneo/sms/bladeag1.zip",
    "require": [
      "bladeag"
    ]
  },
  "bladeag": {
    "download": "https://fightcade.download/fbneo/sms/bladeag.zip"
  },
  "blockhol": {
    "download": "https://fightcade.download/fbneo/sms/blockhol.zip"
  },
  "bombraid": {
    "download": "https://fightcade.download/fbneo/sms/bombraid.zip"
  },
  "bnzabros": {
    "download": "https://fightcade.download/fbneo/sms/bnzabros.zip"
  },
  "dracula": {
    "download": "https://fightcade.download/fbneo/sms/dracula.zip"
  },
  "brucelee10": {
    "download": "https://fightcade.download/fbneo/sms/brucelee10.zip"
  },
  "bublbobl": {
    "download": "https://fightcade.download/fbneo/sms/bublbobl.zip"
  },
  "bublbokc": {
    "download": "https://fightcade.download/fbneo/sms/bublbokc.zip",
    "require": [
      "bublbobl"
    ]
  },
  "bublboky": {
    "download": "https://fightcade.download/fbneo/sms/bublboky.zip",
    "require": [
      "bublbobl"
    ]
  },
  "buggyrun": {
    "download": "https://fightcade.download/fbneo/sms/buggyrun.zip"
  },
  "cso": {
    "download": "https://fightcade.download/fbneo/sms/cso.zip"
  },
  "calgames": {
    "download": "https://fightcade.download/fbneo/sms/calgames.zip"
  },
  "calgame2b": {
    "download": "https://fightcade.download/fbneo/sms/calgame2b.zip",
    "require": [
      "calgame2"
    ]
  },
  "calgame2": {
    "download": "https://fightcade.download/fbneo/sms/calgame2.zip"
  },
  "captsilv": {
    "download": "https://fightcade.download/fbneo/sms/captsilv.zip"
  },
  "captsilvu": {
    "download": "https://fightcade.download/fbneo/sms/captsilvu.zip",
    "require": [
      "captsilv"
    ]
  },
  "casino": {
    "download": "https://fightcade.download/fbneo/sms/casino.zip"
  },
  "castelo": {
    "download": "https://fightcade.download/fbneo/sms/castelo.zip"
  },
  "castlill": {
    "download": "https://fightcade.download/fbneo/sms/castlill.zip"
  },
  "castlillu": {
    "download": "https://fightcade.download/fbneo/sms/castlillu.zip",
    "require": [
      "castlill"
    ]
  },
  "castlills": {
    "download": "https://fightcade.download/fbneo/sms/castlills.zip",
    "require": [
      "castlill"
    ]
  },
  "champeur": {
    "download": "https://fightcade.download/fbneo/sms/champeur.zip"
  },
  "champhck": {
    "download": "https://fightcade.download/fbneo/sms/champhck.zip"
  },
  "chapolim": {
    "download": "https://fightcade.download/fbneo/sms/chapolim.zip",
    "require": [
      "ghosth"
    ]
  },
  "cheese": {
    "download": "https://fightcade.download/fbneo/sms/cheese.zip"
  },
  "choplift": {
    "download": "https://fightcade.download/fbneo/sms/choplift.zip"
  },
  "chopliftj": {
    "download": "https://fightcade.download/fbneo/sms/chopliftj.zip",
    "require": [
      "choplift"
    ]
  },
  "chopliftp": {
    "download": "https://fightcade.download/fbneo/sms/chopliftp.zip",
    "require": [
      "choplift"
    ]
  },
  "borgman": {
    "download": "https://fightcade.download/fbneo/sms/borgman.zip",
    "require": [
      "cyborgh"
    ]
  },
  "borgmanp": {
    "download": "https://fightcade.download/fbneo/sms/borgmanp.zip",
    "require": [
      "cyborgh"
    ]
  },
  "chuckrck": {
    "download": "https://fightcade.download/fbneo/sms/chuckrck.zip"
  },
  "chukrck2b": {
    "download": "https://fightcade.download/fbneo/sms/chukrck2b.zip",
    "require": [
      "chukrck2"
    ]
  },
  "chukrck2": {
    "download": "https://fightcade.download/fbneo/sms/chukrck2.zip"
  },
  "cloudmst": {
    "download": "https://fightcade.download/fbneo/sms/cloudmst.zip"
  },
  "colors": {
    "download": "https://fightcade.download/fbneo/sms/colors.zip"
  },
  "columns": {
    "download": "https://fightcade.download/fbneo/sms/columns.zip"
  },
  "columnsp": {
    "download": "https://fightcade.download/fbneo/sms/columnsp.zip",
    "require": [
      "columns"
    ]
  },
  "comicbak": {
    "download": "https://fightcade.download/fbneo/sms/comicbak.zip"
  },
  "comical": {
    "download": "https://fightcade.download/fbneo/sms/comical.zip"
  },
  "comicalk": {
    "download": "https://fightcade.download/fbneo/sms/comicalk.zip",
    "require": [
      "comical"
    ]
  },
  "comicaltw": {
    "download": "https://fightcade.download/fbneo/sms/comicaltw.zip",
    "require": [
      "comical"
    ]
  },
  "coolspot": {
    "download": "https://fightcade.download/fbneo/sms/coolspot.zip"
  },
  "cosmic": {
    "download": "https://fightcade.download/fbneo/sms/cosmic.zip"
  },
  "cyborgh": {
    "download": "https://fightcade.download/fbneo/sms/cyborgh.zip"
  },
  "cyborgz": {
    "download": "https://fightcade.download/fbneo/sms/cyborgz.zip"
  },
  "daffy": {
    "download": "https://fightcade.download/fbneo/sms/daffy.zip"
  },
  "dallye": {
    "download": "https://fightcade.download/fbneo/sms/dallye.zip"
  },
  "danan": {
    "download": "https://fightcade.download/fbneo/sms/danan.zip"
  },
  "darc10": {
    "download": "https://fightcade.download/fbneo/sms/darc10.zip"
  },
  "datastorm10": {
    "download": "https://fightcade.download/fbneo/sms/datastorm10.zip"
  },
  "deadang": {
    "download": "https://fightcade.download/fbneo/sms/deadang.zip"
  },
  "deepduck": {
    "download": "https://fightcade.download/fbneo/sms/deepduck.zip"
  },
  "desert": {
    "download": "https://fightcade.download/fbneo/sms/desert.zip"
  },
  "dstrike": {
    "download": "https://fightcade.download/fbneo/sms/dstrike.zip"
  },
  "dicktr": {
    "download": "https://fightcade.download/fbneo/sms/dicktr.zip"
  },
  "dinobash": {
    "download": "https://fightcade.download/fbneo/sms/dinobash.zip"
  },
  "aladdin": {
    "download": "https://fightcade.download/fbneo/sms/aladdin.zip"
  },
  "ariel": {
    "download": "https://fightcade.download/fbneo/sms/ariel.zip"
  },
  "bonkers": {
    "download": "https://fightcade.download/fbneo/sms/bonkers.zip"
  },
  "lionking": {
    "download": "https://fightcade.download/fbneo/sms/lionking.zip"
  },
  "dokidoki": {
    "download": "https://fightcade.download/fbneo/sms/dokidoki.zip",
    "require": [
      "pengland"
    ]
  },
  "dokidokip": {
    "download": "https://fightcade.download/fbneo/sms/dokidokip.zip",
    "require": [
      "pengland"
    ]
  },
  "ddragonk": {
    "download": "https://fightcade.download/fbneo/sms/ddragonk.zip",
    "require": [
      "ddragon"
    ]
  },
  "ddragon": {
    "download": "https://fightcade.download/fbneo/sms/ddragon.zip"
  },
  "doublhwk": {
    "download": "https://fightcade.download/fbneo/sms/doublhwk.zip"
  },
  "doublhwkp": {
    "download": "https://fightcade.download/fbneo/sms/doublhwkp.zip",
    "require": [
      "doublhwk"
    ]
  },
  "doubltgt": {
    "download": "https://fightcade.download/fbneo/sms/doubltgt.zip",
    "require": [
      "quartet"
    ]
  },
  "drhello": {
    "download": "https://fightcade.download/fbneo/sms/drhello.zip"
  },
  "drrobotn": {
    "download": "https://fightcade.download/fbneo/sms/drrobotn.zip"
  },
  "dragon": {
    "download": "https://fightcade.download/fbneo/sms/dragon.zip"
  },
  "dcrystal": {
    "download": "https://fightcade.download/fbneo/sms/dcrystal.zip"
  },
  "dynduke": {
    "download": "https://fightcade.download/fbneo/sms/dynduke.zip"
  },
  "ddux": {
    "download": "https://fightcade.download/fbneo/sms/ddux.zip"
  },
  "dhead": {
    "download": "https://fightcade.download/fbneo/sms/dhead.zip"
  },
  "eswatc1": {
    "download": "https://fightcade.download/fbneo/sms/eswatc1.zip",
    "require": [
      "eswatc"
    ]
  },
  "eswatc": {
    "download": "https://fightcade.download/fbneo/sms/eswatc.zip"
  },
  "exainnov": {
    "download": "https://fightcade.download/fbneo/sms/exainnov.zip"
  },
  "eagles5": {
    "download": "https://fightcade.download/fbneo/sms/eagles5.zip"
  },
  "ejim": {
    "download": "https://fightcade.download/fbneo/sms/ejim.zip"
  },
  "ecco2": {
    "download": "https://fightcade.download/fbneo/sms/ecco2.zip"
  },
  "ecco": {
    "download": "https://fightcade.download/fbneo/sms/ecco.zip"
  },
  "enduro": {
    "download": "https://fightcade.download/fbneo/sms/enduro.zip"
  },
  "enduroj": {
    "download": "https://fightcade.download/fbneo/sms/enduroj.zip",
    "require": [
      "enduro"
    ]
  },
  "f1spirit": {
    "download": "https://fightcade.download/fbneo/sms/f1spirit.zip"
  },
  "f16fight": {
    "download": "https://fightcade.download/fbneo/sms/f16fight.zip"
  },
  "f16fightc": {
    "download": "https://fightcade.download/fbneo/sms/f16fightc.zip",
    "require": [
      "f16fight"
    ]
  },
  "f16falcjc": {
    "download": "https://fightcade.download/fbneo/sms/f16falcjc.zip",
    "require": [
      "f16fight"
    ]
  },
  "f16falctw": {
    "download": "https://fightcade.download/fbneo/sms/f16falctw.zip",
    "require": [
      "f16fight"
    ]
  },
  "f16falc": {
    "download": "https://fightcade.download/fbneo/sms/f16falc.zip",
    "require": [
      "f16fight"
    ]
  },
  "f16falcc": {
    "download": "https://fightcade.download/fbneo/sms/f16falcc.zip",
    "require": [
      "f16fight"
    ]
  },
  "f1": {
    "download": "https://fightcade.download/fbneo/sms/f1.zip"
  },
  "fatetris": {
    "download": "https://fightcade.download/fbneo/sms/fatetris.zip"
  },
  "family": {
    "download": "https://fightcade.download/fbneo/sms/family.zip",
    "require": [
      "parlour"
    ]
  },
  "fantdizz": {
    "download": "https://fightcade.download/fbneo/sms/fantdizz.zip"
  },
  "fantzonej": {
    "download": "https://fightcade.download/fbneo/sms/fantzonej.zip",
    "require": [
      "fantzone"
    ]
  },
  "fantzonetw": {
    "download": "https://fightcade.download/fbneo/sms/fantzonetw.zip",
    "require": [
      "fantzone"
    ]
  },
  "fantzone1": {
    "download": "https://fightcade.download/fbneo/sms/fantzone1.zip",
    "require": [
      "fantzone"
    ]
  },
  "fantzone": {
    "download": "https://fightcade.download/fbneo/sms/fantzone.zip"
  },
  "fantzonm": {
    "download": "https://fightcade.download/fbneo/sms/fantzonm.zip"
  },
  "fantzon2j": {
    "download": "https://fightcade.download/fbneo/sms/fantzon2j.zip",
    "require": [
      "fantzon2"
    ]
  },
  "fantzon2": {
    "download": "https://fightcade.download/fbneo/sms/fantzon2.zip"
  },
  "felipe": {
    "download": "https://fightcade.download/fbneo/sms/felipe.zip",
    "require": [
      "teddyboy"
    ]
  },
  "ferias": {
    "download": "https://fightcade.download/fbneo/sms/ferias.zip"
  },
  "fifa": {
    "download": "https://fightcade.download/fbneo/sms/fifa.zip"
  },
  "finalbb": {
    "download": "https://fightcade.download/fbneo/sms/finalbb.zip",
    "require": [
      "bublbobl"
    ]
  },
  "fireforg": {
    "download": "https://fightcade.download/fbneo/sms/fireforg.zip"
  },
  "fireice": {
    "download": "https://fightcade.download/fbneo/sms/fireice.zip"
  },
  "fpoint": {
    "download": "https://fightcade.download/fbneo/sms/fpoint.zip"
  },
  "fpigarus": {
    "download": "https://fightcade.download/fbneo/sms/fpigarus.zip"
  },
  "forgottn": {
    "download": "https://fightcade.download/fbneo/sms/forgottn.zip"
  },
  "pitpot": {
    "download": "https://fightcade.download/fbneo/sms/pitpot.zip"
  },
  "pitpot1": {
    "download": "https://fightcade.download/fbneo/sms/pitpot1.zip",
    "require": [
      "pitpot"
    ]
  },
  "gloc": {
    "download": "https://fightcade.download/fbneo/sms/gloc.zip"
  },
  "gaegujan": {
    "download": "https://fightcade.download/fbneo/sms/gaegujan.zip"
  },
  "gground": {
    "download": "https://fightcade.download/fbneo/sms/gground.zip"
  },
  "ggroundp": {
    "download": "https://fightcade.download/fbneo/sms/ggroundp.zip",
    "require": [
      "gground"
    ]
  },
  "galactpr": {
    "download": "https://fightcade.download/fbneo/sms/galactpr.zip"
  },
  "galaxian": {
    "download": "https://fightcade.download/fbneo/sms/galaxian.zip"
  },
  "gforce": {
    "download": "https://fightcade.download/fbneo/sms/gforce.zip"
  },
  "gforceu": {
    "download": "https://fightcade.download/fbneo/sms/gforceu.zip",
    "require": [
      "gforce"
    ]
  },
  "gamebox": {
    "download": "https://fightcade.download/fbneo/sms/gamebox.zip"
  },
  "robocop": {
    "download": "https://fightcade.download/fbneo/sms/robocop.zip"
  },
  "gangster": {
    "download": "https://fightcade.download/fbneo/sms/gangster.zip"
  },
  "gauntlet": {
    "download": "https://fightcade.download/fbneo/sms/gauntlet.zip"
  },
  "punpun": {
    "download": "https://fightcade.download/fbneo/sms/punpun.zip"
  },
  "georgeko": {
    "download": "https://fightcade.download/fbneo/sms/georgeko.zip"
  },
  "gerald": {
    "download": "https://fightcade.download/fbneo/sms/gerald.zip",
    "require": [
      "teddyboy"
    ]
  },
  "ghosth": {
    "download": "https://fightcade.download/fbneo/sms/ghosth.zip"
  },
  "ghosthc": {
    "download": "https://fightcade.download/fbneo/sms/ghosthc.zip",
    "require": [
      "ghosth"
    ]
  },
  "ghosthj": {
    "download": "https://fightcade.download/fbneo/sms/ghosthj.zip",
    "require": [
      "ghosth"
    ]
  },
  "ghosthj1": {
    "download": "https://fightcade.download/fbneo/sms/ghosthj1.zip",
    "require": [
      "ghosth"
    ]
  },
  "ghosthk": {
    "download": "https://fightcade.download/fbneo/sms/ghosthk.zip",
    "require": [
      "ghosth"
    ]
  },
  "ghosthcp": {
    "download": "https://fightcade.download/fbneo/sms/ghosthcp.zip",
    "require": [
      "ghosth"
    ]
  },
  "ghostbst": {
    "download": "https://fightcade.download/fbneo/sms/ghostbst.zip"
  },
  "ghouls": {
    "download": "https://fightcade.download/fbneo/sms/ghouls.zip"
  },
  "ghoulsd": {
    "download": "https://fightcade.download/fbneo/sms/ghoulsd.zip",
    "require": [
      "ghouls"
    ]
  },
  "globald": {
    "download": "https://fightcade.download/fbneo/sms/globald.zip"
  },
  "globaldp": {
    "download": "https://fightcade.download/fbneo/sms/globaldp.zip",
    "require": [
      "globald"
    ]
  },
  "dumpmats": {
    "download": "https://fightcade.download/fbneo/sms/dumpmats.zip",
    "require": [
      "prowres"
    ]
  },
  "goldnaxe": {
    "download": "https://fightcade.download/fbneo/sms/goldnaxe.zip"
  },
  "gaxewarr": {
    "download": "https://fightcade.download/fbneo/sms/gaxewarr.zip"
  },
  "golfaman": {
    "download": "https://fightcade.download/fbneo/sms/golfaman.zip"
  },
  "golfamanp": {
    "download": "https://fightcade.download/fbneo/sms/golfamanp.zip",
    "require": [
      "golfaman"
    ]
  },
  "golvell": {
    "download": "https://fightcade.download/fbneo/sms/golvell.zip"
  },
  "gprider": {
    "download": "https://fightcade.download/fbneo/sms/gprider.zip"
  },
  "greatbas": {
    "download": "https://fightcade.download/fbneo/sms/greatbas.zip"
  },
  "greatbasj": {
    "download": "https://fightcade.download/fbneo/sms/greatbasj.zip",
    "require": [
      "greatbas"
    ]
  },
  "greatbasj1": {
    "download": "https://fightcade.download/fbneo/sms/greatbasj1.zip",
    "require": [
      "greatbas"
    ]
  },
  "greatbsk": {
    "download": "https://fightcade.download/fbneo/sms/greatbsk.zip"
  },
  "greatftb": {
    "download": "https://fightcade.download/fbneo/sms/greatftb.zip"
  },
  "greatglf": {
    "download": "https://fightcade.download/fbneo/sms/greatglf.zip"
  },
  "greatglf1": {
    "download": "https://fightcade.download/fbneo/sms/greatglf1.zip",
    "require": [
      "greatglf"
    ]
  },
  "greatglj": {
    "download": "https://fightcade.download/fbneo/sms/greatglj.zip"
  },
  "greatglk": {
    "download": "https://fightcade.download/fbneo/sms/greatglk.zip",
    "require": [
      "greatglj"
    ]
  },
  "greatglfp": {
    "download": "https://fightcade.download/fbneo/sms/greatglfp.zip",
    "require": [
      "greatglf"
    ]
  },
  "greatice": {
    "download": "https://fightcade.download/fbneo/sms/greatice.zip"
  },
  "greatscr": {
    "download": "https://fightcade.download/fbneo/sms/greatscr.zip"
  },
  "greatscrj": {
    "download": "https://fightcade.download/fbneo/sms/greatscrj.zip",
    "require": [
      "greatscr"
    ]
  },
  "greatscrtw": {
    "download": "https://fightcade.download/fbneo/sms/greatscrtw.zip",
    "require": [
      "greatscr"
    ]
  },
  "greattns": {
    "download": "https://fightcade.download/fbneo/sms/greattns.zip",
    "require": [
      "stennis"
    ]
  },
  "greatvol": {
    "download": "https://fightcade.download/fbneo/sms/greatvol.zip"
  },
  "greatvolj": {
    "download": "https://fightcade.download/fbneo/sms/greatvolj.zip",
    "require": [
      "greatvol"
    ]
  },
  "gunsmoke": {
    "download": "https://fightcade.download/fbneo/sms/gunsmoke.zip"
  },
  "hajafuin": {
    "download": "https://fightcade.download/fbneo/sms/hajafuin.zip",
    "require": [
      "miracle"
    ]
  },
  "hangon": {
    "download": "https://fightcade.download/fbneo/sms/hangon.zip"
  },
  "hangonj": {
    "download": "https://fightcade.download/fbneo/sms/hangonj.zip",
    "require": [
      "hangon"
    ]
  },
  "hangonaw": {
    "download": "https://fightcade.download/fbneo/sms/hangonaw.zip"
  },
  "hangonsh": {
    "download": "https://fightcade.download/fbneo/sms/hangonsh.zip"
  },
  "hangonshp": {
    "download": "https://fightcade.download/fbneo/sms/hangonshp.zip",
    "require": [
      "hangonsh"
    ]
  },
  "heavyw": {
    "download": "https://fightcade.download/fbneo/sms/heavyw.zip"
  },
  "highsc": {
    "download": "https://fightcade.download/fbneo/sms/highsc.zip"
  },
  "hokuto": {
    "download": "https://fightcade.download/fbneo/sms/hokuto.zip",
    "require": [
      "blackblt"
    ]
  },
  "hokutotw": {
    "download": "https://fightcade.download/fbneo/sms/hokutotw.zip",
    "require": [
      "blackblt"
    ]
  },
  "homea": {
    "download": "https://fightcade.download/fbneo/sms/homea.zip"
  },
  "hongkildong": {
    "download": "https://fightcade.download/fbneo/sms/hongkildong.zip"
  },
  "hook": {
    "download": "https://fightcade.download/fbneo/sms/hook.zip"
  },
  "hoshiw": {
    "download": "https://fightcade.download/fbneo/sms/hoshiw.zip"
  },
  "hwaran": {
    "download": "https://fightcade.download/fbneo/sms/hwaran.zip",
    "require": [
      "kenseid"
    ]
  },
  "impmiss": {
    "download": "https://fightcade.download/fbneo/sms/impmiss.zip"
  },
  "impmissp": {
    "download": "https://fightcade.download/fbneo/sms/impmissp.zip",
    "require": [
      "impmiss"
    ]
  },
  "indycrus": {
    "download": "https://fightcade.download/fbneo/sms/indycrus.zip"
  },
  "indycrusp": {
    "download": "https://fightcade.download/fbneo/sms/indycrusp.zip",
    "require": [
      "indycrus"
    ]
  },
  "jbdougko": {
    "download": "https://fightcade.download/fbneo/sms/jbdougko.zip",
    "require": [
      "heavyw"
    ]
  },
  "jbdougkop": {
    "download": "https://fightcade.download/fbneo/sms/jbdougkop.zip",
    "require": [
      "heavyw"
    ]
  },
  "jb007b": {
    "download": "https://fightcade.download/fbneo/sms/jb007b.zip",
    "require": [
      "jb007"
    ]
  },
  "jb007": {
    "download": "https://fightcade.download/fbneo/sms/jb007.zip"
  },
  "robocod": {
    "download": "https://fightcade.download/fbneo/sms/robocod.zip"
  },
  "jangpun3": {
    "download": "https://fightcade.download/fbneo/sms/jangpun3.zip"
  },
  "janggun": {
    "download": "https://fightcade.download/fbneo/sms/janggun.zip"
  },
  "joemont": {
    "download": "https://fightcade.download/fbneo/sms/joemont.zip"
  },
  "jpark": {
    "download": "https://fightcade.download/fbneo/sms/jpark.zip"
  },
  "kenseid": {
    "download": "https://fightcade.download/fbneo/sms/kenseid.zip"
  },
  "kenseidj": {
    "download": "https://fightcade.download/fbneo/sms/kenseidj.zip",
    "require": [
      "kenseid"
    ]
  },
  "kingball": {
    "download": "https://fightcade.download/fbneo/sms/kingball.zip"
  },
  "kingqst": {
    "download": "https://fightcade.download/fbneo/sms/kingqst.zip"
  },
  "kingqstp": {
    "download": "https://fightcade.download/fbneo/sms/kingqstp.zip",
    "require": [
      "kingqst"
    ]
  },
  "klax": {
    "download": "https://fightcade.download/fbneo/sms/klax.zip"
  },
  "knightm2": {
    "download": "https://fightcade.download/fbneo/sms/knightm2.zip"
  },
  "krustyfh": {
    "download": "https://fightcade.download/fbneo/sms/krustyfh.zip"
  },
  "kujaku": {
    "download": "https://fightcade.download/fbneo/sms/kujaku.zip",
    "require": [
      "spellcst"
    ]
  },
  "kungfuk": {
    "download": "https://fightcade.download/fbneo/sms/kungfuk.zip"
  },
  "lambo": {
    "download": "https://fightcade.download/fbneo/sms/lambo.zip"
  },
  "landill": {
    "download": "https://fightcade.download/fbneo/sms/landill.zip"
  },
  "lghost": {
    "download": "https://fightcade.download/fbneo/sms/lghost.zip"
  },
  "legndill": {
    "download": "https://fightcade.download/fbneo/sms/legndill.zip"
  },
  "lemmings": {
    "download": "https://fightcade.download/fbneo/sms/lemmings.zip"
  },
  "lemmingsp": {
    "download": "https://fightcade.download/fbneo/sms/lemmingsp.zip",
    "require": [
      "lemmings"
    ]
  },
  "lemming2": {
    "download": "https://fightcade.download/fbneo/sms/lemming2.zip"
  },
  "sn_lwep3": {
    "download": "https://fightcade.download/fbneo/sms/sn_lwep3.zip"
  },
  "loffire": {
    "download": "https://fightcade.download/fbneo/sms/loffire.zip"
  },
  "lordswrdj": {
    "download": "https://fightcade.download/fbneo/sms/lordswrdj.zip",
    "require": [
      "lordswrd"
    ]
  },
  "lordswrd": {
    "download": "https://fightcade.download/fbneo/sms/lordswrd.zip"
  },
  "loretta": {
    "download": "https://fightcade.download/fbneo/sms/loretta.zip"
  },
  "lostraider101": {
    "download": "https://fightcade.download/fbneo/sms/lostraider101.zip"
  },
  "mjsengok": {
    "download": "https://fightcade.download/fbneo/sms/mjsengok.zip"
  },
  "mjsengokp": {
    "download": "https://fightcade.download/fbneo/sms/mjsengokp.zip",
    "require": [
      "mjsengok"
    ]
  },
  "makairet": {
    "download": "https://fightcade.download/fbneo/sms/makairet.zip",
    "require": [
      "kungfuk"
    ]
  },
  "maougolv": {
    "download": "https://fightcade.download/fbneo/sms/maougolv.zip",
    "require": [
      "golvell"
    ]
  },
  "maougolvp": {
    "download": "https://fightcade.download/fbneo/sms/maougolvp.zip",
    "require": [
      "golvell"
    ]
  },
  "marble": {
    "download": "https://fightcade.download/fbneo/sms/marble.zip"
  },
  "marksmanu": {
    "download": "https://fightcade.download/fbneo/sms/marksmanu.zip",
    "require": [
      "marksman"
    ]
  },
  "marksman": {
    "download": "https://fightcade.download/fbneo/sms/marksman.zip"
  },
  "mastdark": {
    "download": "https://fightcade.download/fbneo/sms/mastdark.zip"
  },
  "mastcomb": {
    "download": "https://fightcade.download/fbneo/sms/mastcomb.zip"
  },
  "mazehunt": {
    "download": "https://fightcade.download/fbneo/sms/mazehunt.zip"
  },
  "mazewalk": {
    "download": "https://fightcade.download/fbneo/sms/mazewalk.zip",
    "require": [
      "mazehunt"
    ]
  },
  "megumi": {
    "download": "https://fightcade.download/fbneo/sms/megumi.zip"
  },
  "mercs": {
    "download": "https://fightcade.download/fbneo/sms/mercs.zip"
  },
  "mwalk": {
    "download": "https://fightcade.download/fbneo/sms/mwalk.zip"
  },
  "mwalkp": {
    "download": "https://fightcade.download/fbneo/sms/mwalkp.zip",
    "require": [
      "mwalk"
    ]
  },
  "mickmack": {
    "download": "https://fightcade.download/fbneo/sms/mickmack.zip"
  },
  "mickeyuc": {
    "download": "https://fightcade.download/fbneo/sms/mickeyuc.zip"
  },
  "micromac": {
    "download": "https://fightcade.download/fbneo/sms/micromac.zip"
  },
  "miracle": {
    "download": "https://fightcade.download/fbneo/sms/miracle.zip"
  },
  "miraclep": {
    "download": "https://fightcade.download/fbneo/sms/miraclep.zip",
    "require": [
      "miracle"
    ]
  },
  "missil3d": {
    "download": "https://fightcade.download/fbneo/sms/missil3d.zip"
  },
  "moggym100": {
    "download": "https://fightcade.download/fbneo/sms/moggym100.zip"
  },
  "monica": {
    "download": "https://fightcade.download/fbneo/sms/monica.zip",
    "require": [
      "wboymlnd"
    ]
  },
  "monopoly": {
    "download": "https://fightcade.download/fbneo/sms/monopoly.zip"
  },
  "monopolyu": {
    "download": "https://fightcade.download/fbneo/sms/monopolyu.zip",
    "require": [
      "monopoly"
    ]
  },
  "monopolyp": {
    "download": "https://fightcade.download/fbneo/sms/monopolyp.zip",
    "require": [
      "monopoly"
    ]
  },
  "montezum": {
    "download": "https://fightcade.download/fbneo/sms/montezum.zip"
  },
  "montezump": {
    "download": "https://fightcade.download/fbneo/sms/montezump.zip",
    "require": [
      "montezum"
    ]
  },
  "mopirang": {
    "download": "https://fightcade.download/fbneo/sms/mopirang.zip"
  },
  "mk": {
    "download": "https://fightcade.download/fbneo/sms/mk.zip"
  },
  "mk3": {
    "download": "https://fightcade.download/fbneo/sms/mk3.zip"
  },
  "mk2": {
    "download": "https://fightcade.download/fbneo/sms/mk2.zip"
  },
  "mspacman": {
    "download": "https://fightcade.download/fbneo/sms/mspacman.zip"
  },
  "myhero": {
    "download": "https://fightcade.download/fbneo/sms/myhero.zip"
  },
  "nbajam": {
    "download": "https://fightcade.download/fbneo/sms/nbajam.zip"
  },
  "nekkyu": {
    "download": "https://fightcade.download/fbneo/sms/nekkyu.zip"
  },
  "nemesis": {
    "download": "https://fightcade.download/fbneo/sms/nemesis.zip"
  },
  "nemesis2": {
    "download": "https://fightcade.download/fbneo/sms/nemesis2.zip"
  },
  "newbogl2": {
    "download": "https://fightcade.download/fbneo/sms/newbogl2.zip",
    "require": [
      "bublbobl"
    ]
  },
  "novdmvdp": {
    "download": "https://fightcade.download/fbneo/sms/novdmvdp.zip"
  },
  "ngaiden": {
    "download": "https://fightcade.download/fbneo/sms/ngaiden.zip"
  },
  "ngaidenp": {
    "download": "https://fightcade.download/fbneo/sms/ngaidenp.zip",
    "require": [
      "ngaiden"
    ]
  },
  "olympgld": {
    "download": "https://fightcade.download/fbneo/sms/olympgld.zip"
  },
  "olympgldk": {
    "download": "https://fightcade.download/fbneo/sms/olympgldk.zip",
    "require": [
      "olympgld"
    ]
  },
  "opaopa": {
    "download": "https://fightcade.download/fbneo/sms/opaopa.zip",
    "require": [
      "fantzonm"
    ]
  },
  "opwolf": {
    "download": "https://fightcade.download/fbneo/sms/opwolf.zip"
  },
  "outrun": {
    "download": "https://fightcade.download/fbneo/sms/outrun.zip"
  },
  "outrun3d": {
    "download": "https://fightcade.download/fbneo/sms/outrun3d.zip"
  },
  "outrneur": {
    "download": "https://fightcade.download/fbneo/sms/outrneur.zip"
  },
  "pacmania": {
    "download": "https://fightcade.download/fbneo/sms/pacmania.zip"
  },
  "paperboy": {
    "download": "https://fightcade.download/fbneo/sms/paperboy.zip"
  },
  "paperboyu": {
    "download": "https://fightcade.download/fbneo/sms/paperboyu.zip",
    "require": [
      "paperboy"
    ]
  },
  "parlour": {
    "download": "https://fightcade.download/fbneo/sms/parlour.zip"
  },
  "patriley": {
    "download": "https://fightcade.download/fbneo/sms/patriley.zip"
  },
  "pengadv": {
    "download": "https://fightcade.download/fbneo/sms/pengadv.zip"
  },
  "pengland": {
    "download": "https://fightcade.download/fbneo/sms/pengland.zip"
  },
  "pgatour": {
    "download": "https://fightcade.download/fbneo/sms/pgatour.zip"
  },
  "pstarb": {
    "download": "https://fightcade.download/fbneo/sms/pstarb.zip",
    "require": [
      "pstar"
    ]
  },
  "pstar1": {
    "download": "https://fightcade.download/fbneo/sms/pstar1.zip",
    "require": [
      "pstar"
    ]
  },
  "pstar": {
    "download": "https://fightcade.download/fbneo/sms/pstar.zip"
  },
  "pstarj": {
    "download": "https://fightcade.download/fbneo/sms/pstarj.zip",
    "require": [
      "pstar"
    ]
  },
  "pstarjmd": {
    "download": "https://fightcade.download/fbneo/sms/pstarjmd.zip",
    "require": [
      "pstar"
    ]
  },
  "pstark": {
    "download": "https://fightcade.download/fbneo/sms/pstark.zip",
    "require": [
      "pstar"
    ]
  },
  "pitfightb": {
    "download": "https://fightcade.download/fbneo/sms/pitfightb.zip",
    "require": [
      "pitfight"
    ]
  },
  "pitfight": {
    "download": "https://fightcade.download/fbneo/sms/pitfight.zip"
  },
  "pooyan": {
    "download": "https://fightcade.download/fbneo/sms/pooyan.zip"
  },
  "populous": {
    "download": "https://fightcade.download/fbneo/sms/populous.zip"
  },
  "poseidon": {
    "download": "https://fightcade.download/fbneo/sms/poseidon.zip"
  },
  "pstrike": {
    "download": "https://fightcade.download/fbneo/sms/pstrike.zip"
  },
  "pstrike2": {
    "download": "https://fightcade.download/fbneo/sms/pstrike2.zip"
  },
  "predatr2b": {
    "download": "https://fightcade.download/fbneo/sms/predatr2b.zip",
    "require": [
      "predatr2"
    ]
  },
  "predatr2": {
    "download": "https://fightcade.download/fbneo/sms/predatr2.zip"
  },
  "ppersia": {
    "download": "https://fightcade.download/fbneo/sms/ppersia.zip"
  },
  "prowres": {
    "download": "https://fightcade.download/fbneo/sms/prowres.zip"
  },
  "sms3samp": {
    "download": "https://fightcade.download/fbneo/sms/sms3samp.zip"
  },
  "psychicw": {
    "download": "https://fightcade.download/fbneo/sms/psychicw.zip"
  },
  "psychof": {
    "download": "https://fightcade.download/fbneo/sms/psychof.zip"
  },
  "puttputt": {
    "download": "https://fightcade.download/fbneo/sms/puttputt.zip"
  },
  "puttputtp": {
    "download": "https://fightcade.download/fbneo/sms/puttputtp.zip",
    "require": [
      "puttputt"
    ]
  },
  "puznic": {
    "download": "https://fightcade.download/fbneo/sms/puznic.zip"
  },
  "quartet": {
    "download": "https://fightcade.download/fbneo/sms/quartet.zip"
  },
  "shavnyak": {
    "download": "https://fightcade.download/fbneo/sms/shavnyak.zip"
  },
  "rtypep": {
    "download": "https://fightcade.download/fbneo/sms/rtypep.zip",
    "require": [
      "rtype"
    ]
  },
  "rtype": {
    "download": "https://fightcade.download/fbneo/sms/rtype.zip"
  },
  "rcgp": {
    "download": "https://fightcade.download/fbneo/sms/rcgp.zip"
  },
  "rcgpp": {
    "download": "https://fightcade.download/fbneo/sms/rcgpp.zip",
    "require": [
      "rcgp"
    ]
  },
  "rbislandb": {
    "download": "https://fightcade.download/fbneo/sms/rbislandb.zip",
    "require": [
      "rbisland"
    ]
  },
  "rbisland": {
    "download": "https://fightcade.download/fbneo/sms/rbisland.zip"
  },
  "rambo2": {
    "download": "https://fightcade.download/fbneo/sms/rambo2.zip",
    "require": [
      "secret"
    ]
  },
  "rambo3": {
    "download": "https://fightcade.download/fbneo/sms/rambo3.zip"
  },
  "rampage": {
    "download": "https://fightcade.download/fbneo/sms/rampage.zip"
  },
  "rampart": {
    "download": "https://fightcade.download/fbneo/sms/rampart.zip"
  },
  "rastan": {
    "download": "https://fightcade.download/fbneo/sms/rastan.zip"
  },
  "regjacks": {
    "download": "https://fightcade.download/fbneo/sms/regjacks.zip",
    "require": [
      "ameribb"
    ]
  },
  "renegade": {
    "download": "https://fightcade.download/fbneo/sms/renegade.zip"
  },
  "rescuems": {
    "download": "https://fightcade.download/fbneo/sms/rescuems.zip"
  },
  "roadfght": {
    "download": "https://fightcade.download/fbneo/sms/roadfght.zip"
  },
  "roadrash": {
    "download": "https://fightcade.download/fbneo/sms/roadrash.zip"
  },
  "robocop3": {
    "download": "https://fightcade.download/fbneo/sms/robocop3.zip"
  },
  "roboterm": {
    "download": "https://fightcade.download/fbneo/sms/roboterm.zip"
  },
  "rocky": {
    "download": "https://fightcade.download/fbneo/sms/rocky.zip"
  },
  "running": {
    "download": "https://fightcade.download/fbneo/sms/running.zip"
  },
  "saposos": {
    "download": "https://fightcade.download/fbneo/sms/saposos.zip",
    "require": [
      "astrow"
    ]
  },
  "sagaia": {
    "download": "https://fightcade.download/fbneo/sms/sagaia.zip"
  },
  "sangoku3": {
    "download": "https://fightcade.download/fbneo/sms/sangoku3.zip"
  },
  "sapomestr": {
    "download": "https://fightcade.download/fbneo/sms/sapomestr.zip",
    "require": [
      "kungfuk"
    ]
  },
  "sapoxule": {
    "download": "https://fightcade.download/fbneo/sms/sapoxule.zip",
    "require": [
      "psychof"
    ]
  },
  "satell7": {
    "download": "https://fightcade.download/fbneo/sms/satell7.zip"
  },
  "satell7a": {
    "download": "https://fightcade.download/fbneo/sms/satell7a.zip",
    "require": [
      "satell7"
    ]
  },
  "sspirits": {
    "download": "https://fightcade.download/fbneo/sms/sspirits.zip"
  },
  "sdi": {
    "download": "https://fightcade.download/fbneo/sms/sdi.zip",
    "require": [
      "globald"
    ]
  },
  "secret": {
    "download": "https://fightcade.download/fbneo/sms/secret.zip"
  },
  "segachss": {
    "download": "https://fightcade.download/fbneo/sms/segachss.zip"
  },
  "segagfx": {
    "download": "https://fightcade.download/fbneo/sms/segagfx.zip"
  },
  "segawtg": {
    "download": "https://fightcade.download/fbneo/sms/segawtg.zip"
  },
  "seishun": {
    "download": "https://fightcade.download/fbneo/sms/seishun.zip",
    "require": [
      "myhero"
    ]
  },
  "seishun1": {
    "download": "https://fightcade.download/fbneo/sms/seishun1.zip",
    "require": [
      "myhero"
    ]
  },
  "sensible": {
    "download": "https://fightcade.download/fbneo/sms/sensible.zip"
  },
  "shdancer": {
    "download": "https://fightcade.download/fbneo/sms/shdancer.zip"
  },
  "beast": {
    "download": "https://fightcade.download/fbneo/sms/beast.zip"
  },
  "shanghai": {
    "download": "https://fightcade.download/fbneo/sms/shanghai.zip"
  },
  "shanghaip": {
    "download": "https://fightcade.download/fbneo/sms/shanghaip.zip",
    "require": [
      "shanghai"
    ]
  },
  "shinobi": {
    "download": "https://fightcade.download/fbneo/sms/shinobi.zip"
  },
  "shinobij": {
    "download": "https://fightcade.download/fbneo/sms/shinobij.zip",
    "require": [
      "shinobi"
    ]
  },
  "shooting": {
    "download": "https://fightcade.download/fbneo/sms/shooting.zip"
  },
  "sdmilhao": {
    "download": "https://fightcade.download/fbneo/sms/sdmilhao.zip"
  },
  "silvervalley": {
    "download": "https://fightcade.download/fbneo/sms/silvervalley.zip"
  },
  "sitio": {
    "download": "https://fightcade.download/fbneo/sms/sitio.zip"
  },
  "skyjag": {
    "download": "https://fightcade.download/fbneo/sms/skyjag.zip"
  },
  "slapshotp": {
    "download": "https://fightcade.download/fbneo/sms/slapshotp.zip",
    "require": [
      "slapshot"
    ]
  },
  "slapshotb": {
    "download": "https://fightcade.download/fbneo/sms/slapshotb.zip",
    "require": [
      "slapshot"
    ]
  },
  "slapshota": {
    "download": "https://fightcade.download/fbneo/sms/slapshota.zip",
    "require": [
      "slapshot"
    ]
  },
  "slapshot": {
    "download": "https://fightcade.download/fbneo/sms/slapshot.zip"
  },
  "smashtv": {
    "download": "https://fightcade.download/fbneo/sms/smashtv.zip"
  },
  "solomon": {
    "download": "https://fightcade.download/fbneo/sms/solomon.zip"
  },
  "sonicbls": {
    "download": "https://fightcade.download/fbneo/sms/sonicbls.zip"
  },
  "sonic": {
    "download": "https://fightcade.download/fbneo/sms/sonic.zip"
  },
  "sonicfm102": {
    "download": "https://fightcade.download/fbneo/sms/sonicfm102.zip",
    "require": [
      "sonic"
    ]
  },
  "sonic2": {
    "download": "https://fightcade.download/fbneo/sms/sonic2.zip"
  },
  "sonic2a": {
    "download": "https://fightcade.download/fbneo/sms/sonic2a.zip",
    "require": [
      "sonic2"
    ]
  },
  "sonicc": {
    "download": "https://fightcade.download/fbneo/sms/sonicc.zip"
  },
  "sspin": {
    "download": "https://fightcade.download/fbneo/sms/sspin.zip"
  },
  "sonicedu": {
    "download": "https://fightcade.download/fbneo/sms/sonicedu.zip"
  },
  "spacegun": {
    "download": "https://fightcade.download/fbneo/sms/spacegun.zip"
  },
  "sharrier": {
    "download": "https://fightcade.download/fbneo/sms/sharrier.zip"
  },
  "sharrierju": {
    "download": "https://fightcade.download/fbneo/sms/sharrierju.zip",
    "require": [
      "sharrier"
    ]
  },
  "sharr3d": {
    "download": "https://fightcade.download/fbneo/sms/sharr3d.zip"
  },
  "sharr3dj": {
    "download": "https://fightcade.download/fbneo/sms/sharr3dj.zip",
    "require": [
      "sharr3d"
    ]
  },
  "sci": {
    "download": "https://fightcade.download/fbneo/sms/sci.zip"
  },
  "scip": {
    "download": "https://fightcade.download/fbneo/sms/scip.zip",
    "require": [
      "sci"
    ]
  },
  "speedbl": {
    "download": "https://fightcade.download/fbneo/sms/speedbl.zip"
  },
  "speedblv": {
    "download": "https://fightcade.download/fbneo/sms/speedblv.zip"
  },
  "speedbl2": {
    "download": "https://fightcade.download/fbneo/sms/speedbl2.zip"
  },
  "spellcst": {
    "download": "https://fightcade.download/fbneo/sms/spellcst.zip"
  },
  "spidermn": {
    "download": "https://fightcade.download/fbneo/sms/spidermn.zip"
  },
  "spidking": {
    "download": "https://fightcade.download/fbneo/sms/spidking.zip"
  },
  "sportsft": {
    "download": "https://fightcade.download/fbneo/sms/sportsft.zip"
  },
  "sportssc": {
    "download": "https://fightcade.download/fbneo/sms/sportssc.zip",
    "require": [
      "worldsoc"
    ]
  },
  "spyvsspyj": {
    "download": "https://fightcade.download/fbneo/sms/spyvsspyj.zip",
    "require": [
      "spyvsspy"
    ]
  },
  "spyvsspyk": {
    "download": "https://fightcade.download/fbneo/sms/spyvsspyk.zip",
    "require": [
      "spyvsspy"
    ]
  },
  "spyvsspytw": {
    "download": "https://fightcade.download/fbneo/sms/spyvsspytw.zip",
    "require": [
      "spyvsspy"
    ]
  },
  "spyvsspy": {
    "download": "https://fightcade.download/fbneo/sms/spyvsspy.zip"
  },
  "spyvsspyj1": {
    "download": "https://fightcade.download/fbneo/sms/spyvsspyj1.zip",
    "require": [
      "spyvsspy"
    ]
  },
  "spyvsspys": {
    "download": "https://fightcade.download/fbneo/sms/spyvsspys.zip",
    "require": [
      "spyvsspy"
    ]
  },
  "starwars": {
    "download": "https://fightcade.download/fbneo/sms/starwars.zip"
  },
  "sf2": {
    "download": "https://fightcade.download/fbneo/sms/sf2.zip"
  },
  "strtmast": {
    "download": "https://fightcade.download/fbneo/sms/strtmast.zip"
  },
  "sor": {
    "download": "https://fightcade.download/fbneo/sms/sor.zip"
  },
  "sor2": {
    "download": "https://fightcade.download/fbneo/sms/sor2.zip"
  },
  "strider": {
    "download": "https://fightcade.download/fbneo/sms/strider.zip"
  },
  "striderd": {
    "download": "https://fightcade.download/fbneo/sms/striderd.zip",
    "require": [
      "strider"
    ]
  },
  "strider2": {
    "download": "https://fightcade.download/fbneo/sms/strider2.zip"
  },
  "submarin": {
    "download": "https://fightcade.download/fbneo/sms/submarin.zip"
  },
  "suhocheo": {
    "download": "https://fightcade.download/fbneo/sms/suhocheo.zip"
  },
  "sukeban": {
    "download": "https://fightcade.download/fbneo/sms/sukeban.zip"
  },
  "sumgames": {
    "download": "https://fightcade.download/fbneo/sms/sumgames.zip"
  },
  "sumgamesp": {
    "download": "https://fightcade.download/fbneo/sms/sumgamesp.zip",
    "require": [
      "sumgames"
    ]
  },
  "superark": {
    "download": "https://fightcade.download/fbneo/sms/superark.zip",
    "require": [
      "woodypop"
    ]
  },
  "suprbskt": {
    "download": "https://fightcade.download/fbneo/sms/suprbskt.zip"
  },
  "sbioman1": {
    "download": "https://fightcade.download/fbneo/sms/sbioman1.zip"
  },
  "sboy3": {
    "download": "https://fightcade.download/fbneo/sms/sboy3.zip"
  },
  "sboy4": {
    "download": "https://fightcade.download/fbneo/sms/sboy4.zip"
  },
  "sboy1": {
    "download": "https://fightcade.download/fbneo/sms/sboy1.zip"
  },
  "sboy2": {
    "download": "https://fightcade.download/fbneo/sms/sboy2.zip"
  },
  "suprbubl": {
    "download": "https://fightcade.download/fbneo/sms/suprbubl.zip",
    "require": [
      "bublbobl"
    ]
  },
  "supgolf": {
    "download": "https://fightcade.download/fbneo/sms/supgolf.zip",
    "require": [
      "golfaman"
    ]
  },
  "skickoff": {
    "download": "https://fightcade.download/fbneo/sms/skickoff.zip"
  },
  "smgp": {
    "download": "https://fightcade.download/fbneo/sms/smgp.zip"
  },
  "smgpp2": {
    "download": "https://fightcade.download/fbneo/sms/smgpp2.zip",
    "require": [
      "smgp"
    ]
  },
  "smgpp1": {
    "download": "https://fightcade.download/fbneo/sms/smgpp1.zip",
    "require": [
      "smgp"
    ]
  },
  "smgpu": {
    "download": "https://fightcade.download/fbneo/sms/smgpu.zip",
    "require": [
      "smgp"
    ]
  },
  "superoff": {
    "download": "https://fightcade.download/fbneo/sms/superoff.zip"
  },
  "superrac": {
    "download": "https://fightcade.download/fbneo/sms/superrac.zip"
  },
  "ssinv": {
    "download": "https://fightcade.download/fbneo/sms/ssinv.zip"
  },
  "stennis": {
    "download": "https://fightcade.download/fbneo/sms/stennis.zip"
  },
  "stennisc": {
    "download": "https://fightcade.download/fbneo/sms/stennisc.zip",
    "require": [
      "stennis"
    ]
  },
  "wboymlndj": {
    "download": "https://fightcade.download/fbneo/sms/wboymlndj.zip",
    "require": [
      "wboymlnd"
    ]
  },
  "superman": {
    "download": "https://fightcade.download/fbneo/sms/superman.zip"
  },
  "t2ag": {
    "download": "https://fightcade.download/fbneo/sms/t2ag.zip"
  },
  "chasehq": {
    "download": "https://fightcade.download/fbneo/sms/chasehq.zip"
  },
  "tazmars": {
    "download": "https://fightcade.download/fbneo/sms/tazmars.zip"
  },
  "tazmania": {
    "download": "https://fightcade.download/fbneo/sms/tazmania.zip"
  },
  "tazmaniap": {
    "download": "https://fightcade.download/fbneo/sms/tazmaniap.zip",
    "require": [
      "tazmania"
    ]
  },
  "tecmow92": {
    "download": "https://fightcade.download/fbneo/sms/tecmow92.zip"
  },
  "tecmow93": {
    "download": "https://fightcade.download/fbneo/sms/tecmow93.zip"
  },
  "teddyboy": {
    "download": "https://fightcade.download/fbneo/sms/teddyboy.zip"
  },
  "teddyboyc": {
    "download": "https://fightcade.download/fbneo/sms/teddyboyc.zip",
    "require": [
      "teddyboy"
    ]
  },
  "teddyboyjp": {
    "download": "https://fightcade.download/fbneo/sms/teddyboyjp.zip",
    "require": [
      "teddyboy"
    ]
  },
  "teddyboyj": {
    "download": "https://fightcade.download/fbneo/sms/teddyboyj.zip",
    "require": [
      "teddyboy"
    ]
  },
  "teddyboyj1": {
    "download": "https://fightcade.download/fbneo/sms/teddyboyj1.zip",
    "require": [
      "teddyboy"
    ]
  },
  "tennis": {
    "download": "https://fightcade.download/fbneo/sms/tennis.zip"
  },
  "bakabon": {
    "download": "https://fightcade.download/fbneo/sms/bakabon.zip"
  },
  "term2": {
    "download": "https://fightcade.download/fbneo/sms/term2.zip"
  },
  "sn_ateam": {
    "download": "https://fightcade.download/fbneo/sms/sn_ateam.zip"
  },
  "addfam": {
    "download": "https://fightcade.download/fbneo/sms/addfam.zip"
  },
  "hicom8a": {
    "download": "https://fightcade.download/fbneo/sms/hicom8a.zip",
    "require": [
      "hicom3a"
    ]
  },
  "hicom8b": {
    "download": "https://fightcade.download/fbneo/sms/hicom8b.zip",
    "require": [
      "hicom3a"
    ]
  },
  "hicom8c": {
    "download": "https://fightcade.download/fbneo/sms/hicom8c.zip",
    "require": [
      "hicom3a"
    ]
  },
  "hicom3e": {
    "download": "https://fightcade.download/fbneo/sms/hicom3e.zip",
    "require": [
      "hicom3a"
    ]
  },
  "hicom3b": {
    "download": "https://fightcade.download/fbneo/sms/hicom3b.zip",
    "require": [
      "hicom3a"
    ]
  },
  "hicom3a": {
    "download": "https://fightcade.download/fbneo/sms/hicom3a.zip"
  },
  "hicom3f": {
    "download": "https://fightcade.download/fbneo/sms/hicom3f.zip",
    "require": [
      "hicom3a"
    ]
  },
  "hicom3d": {
    "download": "https://fightcade.download/fbneo/sms/hicom3d.zip",
    "require": [
      "hicom3a"
    ]
  },
  "hicom3c": {
    "download": "https://fightcade.download/fbneo/sms/hicom3c.zip",
    "require": [
      "hicom3a"
    ]
  },
  "circuit": {
    "download": "https://fightcade.download/fbneo/sms/circuit.zip",
    "require": [
      "worldgp"
    ]
  },
  "cybers": {
    "download": "https://fightcade.download/fbneo/sms/cybers.zip"
  },
  "cybersp": {
    "download": "https://fightcade.download/fbneo/sms/cybersp.zip",
    "require": [
      "cybers"
    ]
  },
  "dinodool": {
    "download": "https://fightcade.download/fbneo/sms/dinodool.zip"
  },
  "excdizzy": {
    "download": "https://fightcade.download/fbneo/sms/excdizzy.zip"
  },
  "flash": {
    "download": "https://fightcade.download/fbneo/sms/flash.zip"
  },
  "flint": {
    "download": "https://fightcade.download/fbneo/sms/flint.zip"
  },
  "crashdum": {
    "download": "https://fightcade.download/fbneo/sms/crashdum.zip"
  },
  "hulk": {
    "download": "https://fightcade.download/fbneo/sms/hulk.zip"
  },
  "jungle": {
    "download": "https://fightcade.download/fbneo/sms/jungle.zip"
  },
  "luckydim": {
    "download": "https://fightcade.download/fbneo/sms/luckydim.zip"
  },
  "luckydimp": {
    "download": "https://fightcade.download/fbneo/sms/luckydimp.zip",
    "require": [
      "luckydim"
    ]
  },
  "xevious": {
    "download": "https://fightcade.download/fbneo/sms/xevious.zip"
  },
  "tnzs": {
    "download": "https://fightcade.download/fbneo/sms/tnzs.zip"
  },
  "ninja": {
    "download": "https://fightcade.download/fbneo/sms/ninja.zip"
  },
  "ninjaj": {
    "download": "https://fightcade.download/fbneo/sms/ninjaj.zip",
    "require": [
      "ninja"
    ]
  },
  "ottifant": {
    "download": "https://fightcade.download/fbneo/sms/ottifant.zip"
  },
  "proyakyu": {
    "download": "https://fightcade.download/fbneo/sms/proyakyu.zip"
  },
  "bartvssm": {
    "download": "https://fightcade.download/fbneo/sms/bartvssm.zip"
  },
  "bartvsw": {
    "download": "https://fightcade.download/fbneo/sms/bartvsw.zip"
  },
  "smurfs": {
    "download": "https://fightcade.download/fbneo/sms/smurfs.zip"
  },
  "smurfs2": {
    "download": "https://fightcade.download/fbneo/sms/smurfs2.zip"
  },
  "smurfs2p": {
    "download": "https://fightcade.download/fbneo/sms/smurfs2p.zip",
    "require": [
      "smurfs2"
    ]
  },
  "termntrb": {
    "download": "https://fightcade.download/fbneo/sms/termntrb.zip",
    "require": [
      "termntr"
    ]
  },
  "termntr": {
    "download": "https://fightcade.download/fbneo/sms/termntr.zip"
  },
  "3dragon": {
    "download": "https://fightcade.download/fbneo/sms/3dragon.zip"
  },
  "tblade": {
    "download": "https://fightcade.download/fbneo/sms/tblade.zip"
  },
  "tbladej": {
    "download": "https://fightcade.download/fbneo/sms/tbladej.zip",
    "require": [
      "tblade"
    ]
  },
  "timesold": {
    "download": "https://fightcade.download/fbneo/sms/timesold.zip"
  },
  "tomjerry": {
    "download": "https://fightcade.download/fbneo/sms/tomjerry.zip",
    "require": [
      "tomjermv"
    ]
  },
  "tomjermv": {
    "download": "https://fightcade.download/fbneo/sms/tomjermv.zip"
  },
  "totowld3": {
    "download": "https://fightcade.download/fbneo/sms/totowld3.zip"
  },
  "transbot": {
    "download": "https://fightcade.download/fbneo/sms/transbot.zip"
  },
  "transbotc": {
    "download": "https://fightcade.download/fbneo/sms/transbotc.zip",
    "require": [
      "transbot"
    ]
  },
  "transbotp": {
    "download": "https://fightcade.download/fbneo/sms/transbotp.zip",
    "require": [
      "transbot"
    ]
  },
  "treinam": {
    "download": "https://fightcade.download/fbneo/sms/treinam.zip"
  },
  "trivial": {
    "download": "https://fightcade.download/fbneo/sms/trivial.zip"
  },
  "ttoriui": {
    "download": "https://fightcade.download/fbneo/sms/ttoriui.zip",
    "require": [
      "myhero"
    ]
  },
  "turmamon": {
    "download": "https://fightcade.download/fbneo/sms/turmamon.zip",
    "require": [
      "wboy3"
    ]
  },
  "ultima4": {
    "download": "https://fightcade.download/fbneo/sms/ultima4.zip"
  },
  "ultima4p": {
    "download": "https://fightcade.download/fbneo/sms/ultima4p.zip",
    "require": [
      "ultima4"
    ]
  },
  "ultsoccr": {
    "download": "https://fightcade.download/fbneo/sms/ultsoccr.zip"
  },
  "vampire": {
    "download": "https://fightcade.download/fbneo/sms/vampire.zip",
    "require": [
      "mastdark"
    ]
  },
  "vigilant": {
    "download": "https://fightcade.download/fbneo/sms/vigilant.zip"
  },
  "vfa": {
    "download": "https://fightcade.download/fbneo/sms/vfa.zip"
  },
  "voyage": {
    "download": "https://fightcade.download/fbneo/sms/voyage.zip"
  },
  "WaimanuSMS": {
    "download": "https://fightcade.download/fbneo/sms/WaimanuSMS.zip"
  },
  "wpayton": {
    "download": "https://fightcade.download/fbneo/sms/wpayton.zip",
    "require": [
      "ameripf"
    ]
  },
  "wanted": {
    "download": "https://fightcade.download/fbneo/sms/wanted.zip"
  },
  "wekainvaders10": {
    "download": "https://fightcade.download/fbneo/sms/wekainvaders10.zip"
  },
  "carmnwldb": {
    "download": "https://fightcade.download/fbneo/sms/carmnwldb.zip",
    "require": [
      "carmnwld"
    ]
  },
  "carmnwld": {
    "download": "https://fightcade.download/fbneo/sms/carmnwld.zip"
  },
  "wimbled": {
    "download": "https://fightcade.download/fbneo/sms/wimbled.zip"
  },
  "wimbled2": {
    "download": "https://fightcade.download/fbneo/sms/wimbled2.zip"
  },
  "wingwarriors": {
    "download": "https://fightcade.download/fbneo/sms/wingwarriors.zip"
  },
  "wintolb": {
    "download": "https://fightcade.download/fbneo/sms/wintolb.zip",
    "require": [
      "wintol"
    ]
  },
  "wintol": {
    "download": "https://fightcade.download/fbneo/sms/wintol.zip"
  },
  "wolfchld": {
    "download": "https://fightcade.download/fbneo/sms/wolfchld.zip"
  },
  "wboya": {
    "download": "https://fightcade.download/fbneo/sms/wboya.zip",
    "require": [
      "wboy"
    ]
  },
  "wboy": {
    "download": "https://fightcade.download/fbneo/sms/wboy.zip"
  },
  "wboy3": {
    "download": "https://fightcade.download/fbneo/sms/wboy3.zip"
  },
  "wboymlnd": {
    "download": "https://fightcade.download/fbneo/sms/wboymlnd.zip"
  },
  "wboymlnda": {
    "download": "https://fightcade.download/fbneo/sms/wboymlnda.zip",
    "require": [
      "wboymlnd"
    ]
  },
  "wboymlndp": {
    "download": "https://fightcade.download/fbneo/sms/wboymlndp.zip",
    "require": [
      "wboymlnd"
    ]
  },
  "wboymwld": {
    "download": "https://fightcade.download/fbneo/sms/wboymwld.zip"
  },
  "wboymwldp": {
    "download": "https://fightcade.download/fbneo/sms/wboymwldp.zip",
    "require": [
      "wboymwld"
    ]
  },
  "wonsiin": {
    "download": "https://fightcade.download/fbneo/sms/wonsiin.zip"
  },
  "woodypop": {
    "download": "https://fightcade.download/fbneo/sms/woodypop.zip"
  },
  "wclead": {
    "download": "https://fightcade.download/fbneo/sms/wclead.zip"
  },
  "wcup90": {
    "download": "https://fightcade.download/fbneo/sms/wcup90.zip"
  },
  "wcup90d": {
    "download": "https://fightcade.download/fbneo/sms/wcup90d.zip",
    "require": [
      "wcup90"
    ]
  },
  "wcup94": {
    "download": "https://fightcade.download/fbneo/sms/wcup94.zip"
  },
  "wldgames": {
    "download": "https://fightcade.download/fbneo/sms/wldgames.zip"
  },
  "wldgamesp": {
    "download": "https://fightcade.download/fbneo/sms/wldgamesp.zip",
    "require": [
      "wldgames"
    ]
  },
  "worldgp": {
    "download": "https://fightcade.download/fbneo/sms/worldgp.zip"
  },
  "worldgpu": {
    "download": "https://fightcade.download/fbneo/sms/worldgpu.zip",
    "require": [
      "worldgp"
    ]
  },
  "worldgpp": {
    "download": "https://fightcade.download/fbneo/sms/worldgpp.zip",
    "require": [
      "worldgp"
    ]
  },
  "worldsoc": {
    "download": "https://fightcade.download/fbneo/sms/worldsoc.zip"
  },
  "wwfsteel": {
    "download": "https://fightcade.download/fbneo/sms/wwfsteel.zip"
  },
  "xmenmojo": {
    "download": "https://fightcade.download/fbneo/sms/xmenmojo.zip"
  },
  "xenon2": {
    "download": "https://fightcade.download/fbneo/sms/xenon2.zip"
  },
  "xenon2v": {
    "download": "https://fightcade.download/fbneo/sms/xenon2v.zip",
    "require": [
      "xenon2"
    ]
  },
  "xyzolog": {
    "download": "https://fightcade.download/fbneo/sms/xyzolog.zip"
  },
  "ysj": {
    "download": "https://fightcade.download/fbneo/sms/ysj.zip",
    "require": [
      "ys"
    ]
  },
  "ysd": {
    "download": "https://fightcade.download/fbneo/sms/ysd.zip",
    "require": [
      "ys"
    ]
  },
  "ys": {
    "download": "https://fightcade.download/fbneo/sms/ys.zip"
  },
  "zaxxon3d": {
    "download": "https://fightcade.download/fbneo/sms/zaxxon3d.zip"
  },
  "zaxxon3dp": {
    "download": "https://fightcade.download/fbneo/sms/zaxxon3dp.zip",
    "require": [
      "zaxxon3d"
    ]
  },
  "zillionb": {
    "download": "https://fightcade.download/fbneo/sms/zillionb.zip",
    "require": [
      "zillion"
    ]
  },
  "zillion": {
    "download": "https://fightcade.download/fbneo/sms/zillion.zip"
  },
  "zilliona": {
    "download": "https://fightcade.download/fbneo/sms/zilliona.zip",
    "require": [
      "zillion"
    ]
  },
  "zillion2": {
    "download": "https://fightcade.download/fbneo/sms/zillion2.zip"
  },
  "zool": {
    "download": "https://fightcade.download/fbneo/sms/zool.zip"
  }
}