{
    "flycast_mvsc2_ratio_v3": {
        "download": "https://fightcade.download/flycast/MarvelVsCapcom2_ratio.bin",
        "require": [
            "flycast_naomi_bios",
            "save_mvsc2_ratio",
            "flycast_mvsc2_ratio_v3_lst"
        ]
    },
    "flycast_mvsc2_ratio_v3_lst": {
        "download": "https://fightcade.download/flycast/Marvel_vs_Capcom_2_Ratio(v3).lst",
        "require": [
            "flycast_naomi_bios"
        ]
    },
    "flycast_18wheelr": {
        "download": "https://fightcade.download/flycast/18wheelr.zip",
        "require": [
            "flycast_naomi_bios"
        ]
    },
    "flycast_alienfnt": {
        "download": "https://fightcade.download/flycast/alienfnt.zip",
        "require": [
            "flycast_naomi_bios"
        ]
    },
    "flycast_alpilot": {
        "download": "https://fightcade.download/flycast/alpilot.zip",
        "require": [
            "flycast_naomi_bios"
        ]
    },
    "flycast_asndynmt": {
        "download": "https://fightcade.download/flycast/asndynmt.zip",
        "require": [
            "flycast_naomi_bios"
        ]
    },
    "flycast_ausfache": {
        "download": "https://fightcade.download/flycast/ausfache.zip",
        "require": [
            "flycast_naomi_bios",
            "save_ausfache"
        ]
    },
    "flycast_azumanga": {
        "download": "https://fightcade.download/flycast/azumanga.zip",
        "require": [
            "flycast_naomi_bios",
            "flycast_azumanga_chd"
        ]
    },
    "flycast_bdrdown": {
        "download": "https://fightcade.download/flycast/bdrdown.zip",
        "require": [
            "flycast_naomi_bios",
            "flycast_bdrdown_chd"
        ]
    },
    "flycast_capsnk": {
        "download": "https://fightcade.download/flycast/capsnk.zip",
        "require": [
            "flycast_naomi_bios",
            "save_capsnk"
        ]
    },
    "flycast_cfield": {
        "download": "https://fightcade.download/flycast/cfield.zip",
        "require": [
            "flycast_naomi_bios",
            "flycast_cfield_chd"
        ]
    },
    "flycast_chocomk": {
        "download": "https://fightcade.download/flycast/chocomk.zip",
        "require": [
            "flycast_naomi_bios",
            "flycast_chocomk_chd"
        ]
    },
    "flycast_cleoftp": {
        "download": "https://fightcade.download/flycast/cleoftp.zip",
        "require": [
            "flycast_naomi_bios",
            "flycast_cleoftp_chd"
        ]
    },
    "flycast_confmiss": {
        "download": "https://fightcade.download/flycast/confmiss.zip",
        "require": [
            "flycast_naomi_bios",
            "flycast_confmiss_chd"
        ]
    },
    "flycast_crackndj": {
        "download": "https://fightcade.download/flycast/crackndj.zip",
        "require": [
            "flycast_naomi_bios"
        ]
    },
    "flycast_crakndj2": {
        "download": "https://fightcade.download/flycast/crakndj2.zip",
        "require": [
            "flycast_naomi_bios"
        ]
    },
    "flycast_crzytaxi": {
        "download": "https://fightcade.download/flycast/crzytaxi.zip",
        "require": [
            "flycast_naomi_bios"
        ]
    },
    "flycast_csmash": {
        "download": "https://fightcade.download/flycast/csmash.zip",
        "require": [
            "flycast_naomi_bios"
        ]
    },
    "flycast_cspike": {
        "download": "https://fightcade.download/flycast/cspike.zip",
        "require": [
            "flycast_naomi_bios",
            "save_cspike"
        ]
    },
    "flycast_cvs2": {
        "download": "https://fightcade.download/flycast/cvs2.zip",
        "require": [
            "flycast_naomi_bios",
            "save_cvs2",
            "flycast_cvs2_chd"
        ]
    },
    "flycast_cvsgd": {
        "download": "https://fightcade.download/flycast/cvsgd.zip",
        "require": [
            "flycast_naomi_bios"
        ]
    },
    "flycast_deathcox": {
        "download": "https://fightcade.download/flycast/deathcox.zip",
        "require": [
            "flycast_naomi_bios"
        ]
    },
    "flycast_derbyo2k": {
        "download": "https://fightcade.download/flycast/derbyo2k.zip",
        "require": [
            "flycast_naomi_bios"
        ]
    },
    "flycast_derbyoc": {
        "download": "https://fightcade.download/flycast/derbyoc.zip",
        "require": [
            "flycast_naomi_bios"
        ]
    },
    "flycast_derbyoc2": {
        "download": "https://fightcade.download/flycast/derbyoc2.zip",
        "require": [
            "flycast_naomi_bios"
        ]
    },
    "flycast_derbyocw": {
        "download": "https://fightcade.download/flycast/derbyocw.zip",
        "require": [
            "flycast_naomi_bios"
        ]
    },
    "flycast_doa2": {
        "download": "https://fightcade.download/flycast/doa2.zip",
        "require": [
            "flycast_naomi_bios"
        ]
    },
    "flycast_doa2m": {
        "download": "https://fightcade.download/flycast/doa2m.zip",
        "require": [
            "flycast_naomi_bios",
            "save_doa2m"
        ]
    },
    "flycast_dybb99": {
        "download": "https://fightcade.download/flycast/dybb99.zip",
        "require": [
            "flycast_naomi_bios"
        ]
    },
    "flycast_dybbnao": {
        "download": "https://fightcade.download/flycast/dybbnao.zip",
        "require": [
            "flycast_naomi_bios"
        ]
    },
    "flycast_dygolf": {
        "download": "https://fightcade.download/flycast/dygolf.zip",
        "require": [
            "flycast_naomi_bios",
            "flycast_dygolf_chd"
        ]
    },
    "flycast_f355": {
        "download": "https://fightcade.download/flycast/f355.zip",
        "require": [
            "flycast_naomi_bios"
        ]
    },
    "flycast_f355twn2": {
        "download": "https://fightcade.download/flycast/f355twn2.zip",
        "require": [
            "flycast_naomi_bios"
        ]
    },
    "flycast_ggram2": {
        "download": "https://fightcade.download/flycast/ggram2.zip",
        "require": [
            "flycast_naomi_bios"
        ]
    },
    "flycast_ggx": {
        "download": "https://fightcade.download/flycast/ggx.zip",
        "require": [
            "flycast_naomi_bios",
            "save_ggx"
        ]
    },
    "flycast_ggxx": {
        "download": "https://fightcade.download/flycast/ggxx.zip",
        "require": [
            "flycast_naomi_bios",
            "flycast_ggxx_chd"
        ]
    },
    "flycast_ggxxac": {
        "download": "https://fightcade.download/flycast/ggxxac.zip",
        "require": [
            "flycast_naomi_bios",
            "save_ggxxac",
            "flycast_ggxxac_chd"
        ]
    },
    "flycast_ggxxrl": {
        "download": "https://fightcade.download/flycast/ggxxrl.zip",
        "require": [
            "flycast_naomi_bios",
            "save_ggxxrl",
            "flycast_ggxxrl_chd"
        ]
    },
    "flycast_ggxxsla": {
        "download": "https://fightcade.download/flycast/ggxxsla.zip",
        "require": [
            "flycast_naomi_bios",
            "flycast_ggxxsla_chd"
        ]
    },
    "flycast_gram2000": {
        "download": "https://fightcade.download/flycast/gram2000.zip",
        "require": [
            "flycast_naomi_bios"
        ]
    },
    "flycast_gundmgd": {
        "download": "https://fightcade.download/flycast/gundmgd.zip",
        "require": [
            "flycast_naomi_bios",
            "flycast_gundmgd_chd"
        ]
    },
    "flycast_gundmxgd": {
        "download": "https://fightcade.download/flycast/gundmxgd.zip",
        "require": [
            "flycast_naomi_bios",
            "flycast_gundmxgd_chd"
        ]
    },
    "flycast_gunsur2": {
        "download": "https://fightcade.download/flycast/gunsur2.zip",
        "require": [
            "flycast_naomi_bios"
        ]
    },
    "flycast_gwing2": {
        "download": "https://fightcade.download/flycast/gwing2.zip",
        "require": [
            "flycast_naomi_bios"
        ]
    },
    "flycast_hmgeo": {
        "download": "https://fightcade.download/flycast/hmgeo.zip",
        "require": [
            "flycast_naomi_bios"
        ]
    },
    "flycast_hotd2": {
        "download": "https://fightcade.download/flycast/hotd2.zip",
        "require": [
            "flycast_naomi_bios"
        ]
    },
    "flycast_ikaruga": {
        "download": "https://fightcade.download/flycast/ikaruga.zip",
        "require": [
            "flycast_naomi_bios",
            "flycast_ikaruga_chd"
        ]
    },
    "flycast_illvelo": {
        "download": "https://fightcade.download/flycast/illvelo.zip",
        "require": [
            "flycast_naomi_bios"
        ]
    },
    "flycast_inunoos": {
        "download": "https://fightcade.download/flycast/inunoos.zip",
        "require": [
            "flycast_naomi_bios"
        ]
    },
    "flycast_jambo": {
        "download": "https://fightcade.download/flycast/jambo.zip",
        "require": [
            "flycast_naomi_bios"
        ]
    },
    "flycast_jingystm": {
        "download": "https://fightcade.download/flycast/jingystm.zip",
        "require": [
            "flycast_naomi_bios",
            "flycast_jingystm_chd"
        ]
    },
    "flycast_karous": {
        "download": "https://fightcade.download/flycast/karous.zip",
        "require": [
            "flycast_naomi_bios",
            "flycast_karous_chd"
        ]
    },
    "flycast_keyboard": {
        "download": "https://fightcade.download/flycast/keyboard.zip",
        "require": [
            "flycast_naomi_bios",
            "flycast_keyboard_chd"
        ]
    },
    "flycast_kick4csh": {
        "download": "https://fightcade.download/flycast/kick4csh.zip",
        "require": [
            "flycast_naomi_bios"
        ]
    },
    "flycast_kurucham": {
        "download": "https://fightcade.download/flycast/kurucham.zip",
        "require": [
            "flycast_naomi_bios",
            "flycast_kurucham_chd"
        ]
    },
    "flycast_lupinsho": {
        "download": "https://fightcade.download/flycast/lupinsho.zip",
        "require": [
            "flycast_naomi_bios",
            "flycast_lupinsho_chd"
        ]
    },
    "flycast_luptype": {
        "download": "https://fightcade.download/flycast/luptype.zip",
        "require": [
            "flycast_naomi_bios",
            "flycast_luptype_chd"
        ]
    },
    "flycast_mamonoro": {
        "download": "https://fightcade.download/flycast/mamonoro.zip",
        "require": [
            "flycast_naomi_bios"
        ]
    },
    "flycast_marstv": {
        "download": "https://fightcade.download/flycast/marstv.zip",
        "require": [
            "flycast_naomi_bios"
        ]
    },
    "flycast_mazan": {
        "download": "https://fightcade.download/flycast/mazan.zip",
        "require": [
            "flycast_naomi_bios"
        ]
    },
    "flycast_mbaa": {
        "download": "https://fightcade.download/flycast/mbaa.zip",
        "require": [
            "flycast_naomi_bios"
        ]
    },
    "flycast_meltyb": {
        "download": "https://fightcade.download/flycast/meltyb.zip",
        "require": [
            "flycast_naomi_bios",
            "save_meltyb",
            "flycast_meltyb_chd"
        ]
    },
    "flycast_meltybld": {
        "download": "https://fightcade.download/flycast/meltybld.zip",
        "require": [
            "flycast_naomi_bios",
            "flycast_meltybld_chd"
        ]
    },
    "flycast_moeru": {
        "download": "https://fightcade.download/flycast/moeru.zip",
        "require": [
            "flycast_naomi_bios"
        ]
    },
    "flycast_mok": {
        "download": "https://fightcade.download/flycast/mok.zip",
        "require": [
            "flycast_naomi_bios",
            "flycast_mok_chd"
        ]
    },
    "flycast_monkeyba": {
        "download": "https://fightcade.download/flycast/monkeyba.zip",
        "require": [
            "flycast_naomi_bios",
            "flycast_monkeyba_chd"
        ]
    },
    "flycast_mushik2e": {
        "download": "https://fightcade.download/flycast/mushik2e.zip",
        "require": [
            "flycast_naomi_bios"
        ]
    },
    "flycast_mvsc2": {
        "download": "https://fightcade.download/flycast/mvsc2.zip",
        "require": [
            "flycast_naomi_bios",
            "save_mvsc2"
        ]
    },
    "flycast_ninjaslt": {
        "download": "https://fightcade.download/flycast/ninjaslt.zip",
        "require": [
            "flycast_naomi_bios"
        ]
    },
    "flycast_oinori": {
        "download": "https://fightcade.download/flycast/oinori.zip",
        "require": [
            "flycast_naomi_bios"
        ]
    },
    "flycast_otrigger": {
        "download": "https://fightcade.download/flycast/otrigger.zip",
        "require": [
            "flycast_naomi_bios"
        ]
    },
    "flycast_pjustic": {
        "download": "https://fightcade.download/flycast/pjustic.zip",
        "require": [
            "flycast_naomi_bios",
            "save_pjustic"
        ]
    },
    "flycast_pokasuka": {
        "download": "https://fightcade.download/flycast/pokasuka.zip",
        "require": [
            "flycast_naomi_bios"
        ]
    },
    "flycast_pstone": {
        "download": "https://fightcade.download/flycast/pstone.zip",
        "require": [
            "flycast_naomi_bios",
            "save_pstone"
        ]
    },
    "flycast_pstone2": {
        "download": "https://fightcade.download/flycast/pstone2.zip",
        "require": [
            "flycast_naomi_bios",
            "save_pstone2"
        ]
    },
    "flycast_psyvar2": {
        "download": "https://fightcade.download/flycast/psyvar2.zip",
        "require": [
            "flycast_naomi_bios",
            "flycast_psyvar2_chd"
        ]
    },
    "flycast_puyoda": {
        "download": "https://fightcade.download/flycast/puyoda.zip",
        "require": [
            "flycast_naomi_bios",
            "save_puyoda"
        ]
    },
    "flycast_puyofev": {
        "download": "https://fightcade.download/flycast/puyofev.zip",
        "require": [
            "flycast_naomi_bios",
            "save_puyofev",
            "flycast_puyofev_chd"
        ]
    },
    "flycast_qmegamis": {
        "download": "https://fightcade.download/flycast/qmegamis.zip",
        "require": [
            "flycast_naomi_bios"
        ]
    },
    "flycast_radirgy": {
        "download": "https://fightcade.download/flycast/radirgy.zip",
        "require": [
            "flycast_naomi_bios",
            "flycast_radirgy_chd"
        ]
    },
    "flycast_radirgyn": {
        "download": "https://fightcade.download/flycast/radirgyn.zip",
        "require": [
            "flycast_naomi_bios"
        ]
    },
    "flycast_rhytngk": {
        "download": "https://fightcade.download/flycast/rhytngk.zip",
        "require": [
            "flycast_naomi_bios"
        ]
    },
    "flycast_ringout": {
        "download": "https://fightcade.download/flycast/ringout.zip",
        "require": [
            "flycast_naomi_bios"
        ]
    },
    "flycast_samba2k": {
        "download": "https://fightcade.download/flycast/samba2k.zip",
        "require": [
            "flycast_naomi_bios"
        ]
    },
    "flycast_senko": {
        "download": "https://fightcade.download/flycast/senko.zip",
        "require": [
            "flycast_naomi_bios"
        ]
    },
    "flycast_senkosp": {
        "download": "https://fightcade.download/flycast/senkosp.zip",
        "require": [
            "flycast_naomi_bios",
            "save_senkosp",
            "flycast_senkosp_chd"
        ]
    },
    "flycast_sfz3ugd": {
        "download": "https://fightcade.download/flycast/sfz3ugd.zip",
        "require": [
            "flycast_naomi_bios",
            "save_sfz3ugd",
            "flycast_sfz3ugd_chd"
        ]
    },
    "flycast_sgtetris": {
        "download": "https://fightcade.download/flycast/sgtetris.zip",
        "require": [
            "flycast_naomi_bios"
        ]
    },
    "flycast_shaktamb": {
        "download": "https://fightcade.download/flycast/shaktamb.zip",
        "require": [
            "flycast_naomi_bios",
            "flycast_shaktamb_chd"
        ]
    },
    "flycast_shangril": {
        "download": "https://fightcade.download/flycast/shangril.zip",
        "require": [
            "flycast_naomi_bios"
        ]
    },
    "flycast_shikgam2": {
        "download": "https://fightcade.download/flycast/shikgam2.zip",
        "require": [
            "flycast_naomi_bios",
            "flycast_shikgam2_chd"
        ]
    },
    "flycast_shootopl": {
        "download": "https://fightcade.download/flycast/shootopl.zip",
        "require": [
            "flycast_naomi_bios"
        ]
    },
    "flycast_sl2007": {
        "download": "https://fightcade.download/flycast/sl2007.zip",
        "require": [
            "flycast_naomi_bios"
        ]
    },
    "flycast_slashout": {
        "download": "https://fightcade.download/flycast/slashout.zip",
        "require": [
            "flycast_naomi_bios",
            "flycast_slashout_chd"
        ]
    },
    "flycast_smarinef": {
        "download": "https://fightcade.download/flycast/smarinef.zip",
        "require": [
            "flycast_naomi_bios"
        ]
    },
    "flycast_smlg99": {
        "download": "https://fightcade.download/flycast/smlg99.zip",
        "require": [
            "flycast_naomi_bios"
        ]
    },
    "flycast_spawn": {
        "download": "https://fightcade.download/flycast/spawn.zip",
        "require": [
            "flycast_naomi_bios"
        ]
    },
    "flycast_spkrbtl": {
        "download": "https://fightcade.download/flycast/spkrbtl.zip",
        "require": [
            "flycast_naomi_bios",
            "flycast_spkrbtl_chd"
        ]
    },
    "flycast_sprtjam": {
        "download": "https://fightcade.download/flycast/sprtjam.zip",
        "require": [
            "flycast_naomi_bios",
            "flycast_sprtjam_chd"
        ]
    },
    "flycast_ss2005": {
        "download": "https://fightcade.download/flycast/ss2005.zip",
        "require": [
            "flycast_naomi_bios",
            "flycast_ss2005_chd"
        ]
    },
    "flycast_sstrkfgt": {
        "download": "https://fightcade.download/flycast/sstrkfgt.zip",
        "require": [
            "flycast_naomi_bios"
        ]
    },
    "flycast_starseek": {
        "download": "https://fightcade.download/flycast/starseek.zip",
        "require": [
            "flycast_naomi_bios",
            "flycast_starseek_chd"
        ]
    },
    "flycast_suchie3": {
        "download": "https://fightcade.download/flycast/suchie3.zip",
        "require": [
            "flycast_naomi_bios"
        ]
    },
    "flycast_takoron": {
        "download": "https://fightcade.download/flycast/takoron.zip",
        "require": [
            "flycast_naomi_bios",
            "flycast_takoron_chd"
        ]
    },
    "flycast_tduno2": {
        "download": "https://fightcade.download/flycast/tduno2.zip",
        "require": [
            "flycast_naomi_bios"
        ]
    },
    "flycast_tetkiwam": {
        "download": "https://fightcade.download/flycast/tetkiwam.zip",
        "require": [
            "flycast_naomi_bios",
            "flycast_tetkiwam_chd"
        ]
    },
    "flycast_tokyobus": {
        "download": "https://fightcade.download/flycast/tokyobus.zip",
        "require": [
            "flycast_naomi_bios"
        ]
    },
    "flycast_totd": {
        "download": "https://fightcade.download/flycast/totd.zip",
        "require": [
            "flycast_naomi_bios"
        ]
    },
    "flycast_toukon4": {
        "download": "https://fightcade.download/flycast/toukon4.zip",
        "require": [
            "flycast_naomi_bios"
        ]
    },
    "flycast_toyfight": {
        "download": "https://fightcade.download/flycast/toyfight.zip",
        "require": [
            "flycast_naomi_bios",
            "save_toyfight"
        ]
    },
    "flycast_trgheart": {
        "download": "https://fightcade.download/flycast/trgheart.zip",
        "require": [
            "flycast_naomi_bios",
            "flycast_trgheart_chd"
        ]
    },
    "flycast_trizeal": {
        "download": "https://fightcade.download/flycast/trizeal.zip",
        "require": [
            "flycast_naomi_bios",
            "flycast_trizeal_chd"
        ]
    },
    "flycast_undefeat": {
        "download": "https://fightcade.download/flycast/undefeat.zip",
        "require": [
            "flycast_naomi_bios",
            "flycast_undefeat_chd"
        ]
    },
    "flycast_usagiym": {
        "download": "https://fightcade.download/flycast/usagiym.zip",
        "require": [
            "flycast_naomi_bios",
            "flycast_usagiym_chd"
        ]
    },
    "flycast_vathlete": {
        "download": "https://fightcade.download/flycast/vathlete.zip",
        "require": [
            "flycast_naomi_bios",
            "flycast_vathlete_chd"
        ]
    },
    "flycast_virnba": {
        "download": "https://fightcade.download/flycast/virnba.zip",
        "require": [
            "flycast_naomi_bios"
        ]
    },
    "flycast_vonot": {
        "download": "https://fightcade.download/flycast/vonot.zip",
        "require": [
            "flycast_naomi_bios"
        ]
    },
    "flycast_vs2_2k": {
        "download": "https://fightcade.download/flycast/vs2_2k.zip",
        "require": [
            "flycast_naomi_bios"
        ]
    },
    "flycast_vtennis2": {
        "download": "https://fightcade.download/flycast/vtennis2.zip",
        "require": [
            "flycast_naomi_bios",
            "save_vtennis2",
            "flycast_vtennis2_chd"
        ]
    },
    "flycast_vtennisg": {
        "download": "https://fightcade.download/flycast/vtennisg.zip",
        "require": [
            "flycast_naomi_bios",
            "flycast_vtennisg_chd"
        ]
    },
    "flycast_wldkicks": {
        "download": "https://fightcade.download/flycast/wldkicks.zip",
        "require": [
            "flycast_naomi_bios"
        ]
    },
    "flycast_wrungp": {
        "download": "https://fightcade.download/flycast/wrungp.zip",
        "require": [
            "flycast_naomi_bios"
        ]
    },
    "flycast_wsbbgd": {
        "download": "https://fightcade.download/flycast/wsbbgd.zip",
        "require": [
            "flycast_naomi_bios",
            "flycast_wsbbgd_chd"
        ]
    },
    "flycast_wwfroyal": {
        "download": "https://fightcade.download/flycast/wwfroyal.zip",
        "require": [
            "flycast_naomi_bios"
        ]
    },
    "flycast_xtrmhnt2": {
        "download": "https://fightcade.download/flycast/xtrmhnt2.zip",
        "require": [
            "flycast_naomi_bios"
        ]
    },
    "flycast_xtrmhunt": {
        "download": "https://fightcade.download/flycast/xtrmhunt.zip",
        "require": [
            "flycast_naomi_bios"
        ]
    },
    "flycast_zerogu2": {
        "download": "https://fightcade.download/flycast/zerogu2.zip",
        "require": [
            "flycast_naomi_bios"
        ]
    },
    "flycast_zombrvn": {
        "download": "https://fightcade.download/flycast/zombrvn.zip",
        "require": [
            "flycast_naomi_bios"
        ]
    },
    "flycast_zunou": {
        "download": "https://fightcade.download/flycast/zunou.zip",
        "require": [
            "flycast_naomi_bios"
        ]
    },
    "flycast_dragntr3": {
        "download": "https://fightcade.download/flycast/dragntr3.zip",
        "require": [
            "flycast_naomi_bios",
            "dragntr3_chd"
        ]
    },
    "flycast_quizqgd": {
        "download": "https://fightcade.download/flycast/quizqgd.zip",
        "require": [
            "flycast_naomi_bios",
            "quizqgd_chd"
        ]
    },
    "flycast_shaktam": {
        "download": "https://fightcade.download/flycast/shaktam.zip",
        "require": [
            "flycast_naomi_bios",
            "shaktam_chd"
        ]
    },
    "flycast_shaktmsp": {
        "download": "https://fightcade.download/flycast/shaktmsp.zip",
        "require": [
            "flycast_naomi_bios",
            "shaktamsp_chd"
        ]
    },
    "flycast_manicpnc": {
        "download": "https://fightcade.download/flycast/manicpnc.zip",
        "require": [
            "flycast_naomi_bios"
        ]
    },
    "flycast_mushi2k4": {
        "download": "https://fightcade.download/flycast/mushi2k4.zip",
        "require": [
            "flycast_naomi_bios"
        ]
    },
    "flycast_mushi2k5": {
        "download": "https://fightcade.download/flycast/mushi2k5.zip",
        "require": [
            "flycast_naomi_bios"
        ]
    },
    "flycast_mushik4e": {
        "download": "https://fightcade.download/flycast/mushik4e.zip",
        "require": [
            "flycast_naomi_bios"
        ]
    },
    "flycast_mushike": {
        "download": "https://fightcade.download/flycast/mushike.zip",
        "require": [
            "flycast_naomi_bios"
        ]
    },
    "flycast_samba": {
        "download": "https://fightcade.download/flycast/samba.zip",
        "require": [
            "flycast_naomi_bios"
        ]
    },
    "flycast_shors2k1": {
        "download": "https://fightcade.download/flycast/shors2k1.zip",
        "require": [
            "flycast_naomi_bios"
        ]
    },
    "flycast_shors2k2": {
        "download": "https://fightcade.download/flycast/shors2k2.zip",
        "require": [
            "flycast_naomi_bios"
        ]
    },
    "flycast_shorse": {
        "download": "https://fightcade.download/flycast/shorse.zip",
        "require": [
            "flycast_naomi_bios"
        ]
    },
    "flycast_shorsep": {
        "download": "https://fightcade.download/flycast/shorsep.zip",
        "require": [
            "flycast_naomi_bios"
        ]
    },
    "flycast_tduno": {
        "download": "https://fightcade.download/flycast/tduno.zip",
        "require": [
            "flycast_naomi_bios"
        ]
    },
    "flycast_vtennis": {
        "download": "https://fightcade.download/flycast/vtennis.zip",
        "require": [
            "flycast_naomi_bios"
        ]
    },
    "flycast_beachspi": {
        "download": "https://fightcade.download/flycast/beachspi.zip",
        "require": [
            "flycast_naomi2_bios",
            "flycast_beachspi_chd",
            "save_beachspi"
        ]
    },
    "flycast_vf4": {
        "download": "https://fightcade.download/flycast/vf4.zip",
        "require": [
            "flycast_naomi2_bios",
            "flycast_vf4_chd",
            "save_vf4"
        ]
    },
    "flycast_vf4evo": {
        "download": "https://fightcade.download/flycast/vf4evo.zip",
        "require": [
            "flycast_naomi2_bios",
            "flycast_vf4evo_chd",
            "save_vf4evo"
        ]
    },
    "flycast_vf4tuned": {
        "download": "https://fightcade.download/flycast/vf4tuned.zip",
        "require": [
            "flycast_naomi2_bios",
            "flycast_vf4tuned_chd",
            "save_vf4tuned"
        ]
    },
    "flycast_vstrik3": {
        "download": "https://fightcade.download/flycast/vstrik3.zip",
        "require": [
            "flycast_naomi2_bios",
            "flycast_vstrik3_chd",
            "save_vstrik3"
        ]
    },
    "flycast_azumanga_chd": {
        "download": "https://fightcade.download/flycast/chd_files/azumanga_chd.zip",
        "extract_to": [
            {
                "src":"azumanga/gdl-0018.chd",
                "dst":"azumanga/gdl-0018.chd"
            }
        ]
    },
    "flycast_bdrdown_chd": {
        "download": "https://fightcade.download/flycast/chd_files/bdrdown_chd.zip",
        "extract_to": [
            {
                "src":"bdrdown/gdl-0023a.chd",
                "dst":"bdrdown/gdl-0023a.chd"
            }
        ]
    },
    "flycast_cfield_chd": {
        "download": "https://fightcade.download/flycast/chd_files/cfield_chd.zip",
        "extract_to": [
            {
                "src":"cfield/gdl-0025.chd",
                "dst":"cfield/gdl-0025.chd"
            }
        ]
    },
    "flycast_chocomk_chd": {
        "download": "https://fightcade.download/flycast/chd_files/chocomk_chd.zip",
        "extract_to": [
            {
                "src":"chocomk/gdl-0014a.chd",
                "dst":"chocomk/gdl-0014a.chd"
            }
        ]
    },
    "flycast_cleoftp_chd": {
        "download": "https://fightcade.download/flycast/chd_files/cleoftp_chd.zip",
        "extract_to": [
            {
                "src":"cleoftp/gdl-0012.chd",
                "dst":"cleoftp/gdl-0012.chd"
            }
        ]
    },
    "flycast_confmiss_chd": {
        "download": "https://fightcade.download/flycast/chd_files/confmiss_chd.zip",
        "extract_to": [
            {
                "src":"confmiss/gdl-0001.chd",
                "dst":"confmiss/gdl-0001.chd"
            }
        ]
    },
    "flycast_cvsgd_chd": {
        "download": "https://fightcade.download/flycast/chd_files/cvsgd_chd.zip",
        "extract_to": [
            {
                "src":"cvsgd/gdl-0004.chd",
                "dst":"cvsgd/gdl-0004.chd"
            }
        ]
    },
    "flycast_cvs2_chd": {
        "download": "https://fightcade.download/flycast/chd_files/cvs2_chd.zip",
        "extract_to": [
            {
                "src":"cvs2/gdl-0007a.chd",
                "dst":"cvs2/gdl-0007a.chd"
            },
            {
                "src":"cvs2/gdl-0008.chd",
                "dst":"cvs2/gdl-0008.chd"
            }
        ]
    },
    "flycast_dygolf_chd": {
        "download": "https://fightcade.download/flycast/chd_files/dygolf_chd.zip",
        "extract_to": [
            {
                "src":"dygolf/gdl-0009a.chd",
                "dst":"dygolf/gdl-0009a.chd"
            }
        ]
    },
    "flycast_ggxx_chd": {
        "download": "https://fightcade.download/flycast/chd_files/ggxx_chd.zip",
        "extract_to": [
            {
                "src":"ggxx/gdl-0011.chd",
                "dst":"ggxx/gdl-0011.chd"
            }
        ]
    },
    "flycast_ggxxac_chd": {
        "download": "https://fightcade.download/flycast/chd_files/ggxxac_chd.zip",
        "extract_to": [
            {
                "src":"ggxxac/gdl-0041.chd",
                "dst":"ggxxac/gdl-0041.chd"
            }
        ]
    },
    "flycast_ggxxrl_chd": {
        "download": "https://fightcade.download/flycast/chd_files/ggxxrl_chd.zip",
        "extract_to": [
            {
                "src":"ggxxrl/gdl-0019.chd",
                "dst":"ggxxrl/gdl-0019.chd"
            },
            {
                "src":"ggxxrl/gdl-0019a.chd",
                "dst":"ggxxrl/gdl-0019a.chd"
            }
        ]
    },
    "flycast_ggxxsla_chd": {
        "download": "https://fightcade.download/flycast/chd_files/ggxxsla_chd.zip",
        "extract_to": [
            {
                "src":"ggxxsla/gdl-0033a.chd",
                "dst":"ggxxsla/gdl-0033a.chd"
            }
        ]
    },
    "flycast_gundmgd_chd": {
        "download": "https://fightcade.download/flycast/chd_files/gundmgd_chd.zip",
        "extract_to": [
            {
                "src":"gundmgd/gdl-0001.chd",
                "dst":"gundmgd/gdl-0001.chd"
            }
        ]
    },
    "flycast_gundmxgd_chd": {
        "download": "https://fightcade.download/flycast/chd_files/gundmxgd_chd.zip",
        "extract_to": [
            {
                "src":"gundmxgd/gdl-0006.chd",
                "dst":"gundmxgd/gdl-0006.chd"
            }
        ]
    },
    "flycast_ikaruga_chd": {
        "download": "https://fightcade.download/flycast/chd_files/ikaruga_chd.zip",
        "extract_to": [
            {
                "src":"ikaruga/gdl-0010.chd",
                "dst":"ikaruga/gdl-0010.chd"
            }
        ]
    },
    "flycast_jingystm_chd": {
        "download": "https://fightcade.download/flycast/chd_files/jingystm_chd.zip",
        "extract_to": [
            {
                "src":"jingystm/gdl-0037.chd",
                "dst":"jingystm/gdl-0037.chd"
            }
        ]
    },
    "flycast_karous_chd": {
        "download": "https://fightcade.download/flycast/chd_files/karous_chd.zip",
        "extract_to": [
            {
                "src":"karous/gdl-0040.chd",
                "dst":"karous/gdl-0040.chd"
            }
        ]
    },
    "flycast_keyboard_chd": {
        "download": "https://fightcade.download/flycast/chd_files/keyboard_chd.zip",
        "extract_to": [
            {
                "src":"keyboard/gdl-0017.chd",
                "dst":"keyboard/gdl-0017.chd"
            }
        ]
    },
    "flycast_kurucham_chd": {
        "download": "https://fightcade.download/flycast/chd_files/kurucham_chd.zip",
        "extract_to": [
            {
                "src":"kurucham/gdl-0034.chd",
                "dst":"kurucham/gdl-0034.chd"
            }
        ]
    },
    "flycast_lupinsho_chd": {
        "download": "https://fightcade.download/flycast/chd_files/lupinsho_chd.zip",
        "extract_to": [
            {
                "src":"lupinsho/gdl-0018.chd",
                "dst":"lupinsho/gdl-0018.chd"
            },
            {
                "src":"lupinsho/gdl-0018a.chd",
                "dst":"lupinsho/gdl-0018a.chd"
            }
        ]
    },
    "flycast_luptype_chd": {
        "download": "https://fightcade.download/flycast/chd_files/luptype_chd.zip",
        "extract_to": [
            {
                "src":"luptype/gdl-0021a.chd",
                "dst":"luptype/gdl-0021a.chd"
            }
        ]
    },
    "flycast_meltyb_chd": {
        "download": "https://fightcade.download/flycast/chd_files/meltyb_chd.zip",
        "extract_to": [
            {
                "src":"meltyb/gdl-0039.chd",
                "dst":"meltyb/gdl-0039.chd"
            },
            {
                "src":"meltyb/gdl-0039a.chd",
                "dst":"meltyb/gdl-0039a.chd"
            }
        ]
    },
    "flycast_meltybld_chd": {
        "download": "https://fightcade.download/flycast/chd_files/meltybld_chd.zip",
        "extract_to": [
            {
                "src":"meltybld/gdl-0028.chd",
                "dst":"meltybld/gdl-0028.chd"
            },
            {
                "src":"meltybld/gdl-0028c.chd",
                "dst":"meltybld/gdl-0028c.chd"
            }
        ]
    },
    "flycast_mok_chd": {
        "download": "https://fightcade.download/flycast/chd_files/mok_chd.zip",
        "extract_to": [
            {
                "src":"mok/gdl-0022.chd",
                "dst":"mok/gdl-0022.chd"
            }
        ]
    },
    "flycast_monkeyba_chd": {
        "download": "https://fightcade.download/flycast/chd_files/monkeyba_chd.zip",
        "extract_to": [
            {
                "src":"monkeyba/gds-0008.chd",
                "dst":"monkeyba/gds-0008.chd"
            }
        ]
    },
    "flycast_psyvar2_chd": {
        "download": "https://fightcade.download/flycast/chd_files/psyvar2_chd.zip",
        "extract_to": [
            {
                "src":"psyvar2/gdl-0024.chd",
                "dst":"psyvar2/gdl-0024.chd"
            }
        ]
    },
    "flycast_puyofev_chd": {
        "download": "https://fightcade.download/flycast/chd_files/puyofev_chd.zip",
        "extract_to": [
            {
                "src":"puyofev/gds-0031.chd",
                "dst":"puyofev/gds-0031.chd"
            },
            {
                "src":"puyofev/gds-0034.chd",
                "dst":"puyofev/gds-0034.chd"
            }
        ]
    },
    "flycast_radirgy_chd": {
        "download": "https://fightcade.download/flycast/chd_files/radirgy_chd.zip",
        "extract_to": [
            {
                "src":"radirgy/gdl-0032.chd",
                "dst":"radirgy/gdl-0032.chd"
            },
            {
                "src":"radirgy/gdl-0032a.chd",
                "dst":"radirgy/gdl-0032a.chd"
            }
        ]
    },
    "flycast_senkosp_chd": {
        "download": "https://fightcade.download/flycast/chd_files/senkosp_chd.zip",
        "extract_to": [
            {
                "src":"senkosp/gdl-0038.chd",
                "dst":"senkosp/gdl-0038.chd"
            }
        ]
    },
    "flycast_sfz3ugd_chd": {
        "download": "https://fightcade.download/flycast/chd_files/sfz3ugd_chd.zip",
        "extract_to": [
            {
                "src":"sfz3ugd/gdl-0002.chd",
                "dst":"sfz3ugd/gdl-0002.chd"
            }
        ]
    },
    "flycast_shaktamb_chd": {
        "download": "https://fightcade.download/flycast/chd_files/shaktamb_chd.zip",
        "extract_to": [
            {
                "src":"shaktamb/gdl-0016.chd",
                "dst":"shaktamb/gdl-0016.chd"
            }
        ]
    },
    "flycast_shikgam2_chd": {
        "download": "https://fightcade.download/flycast/chd_files/shikgam2_chd.zip",
        "extract_to": [
            {
                "src":"shikgam2/gdl-0021.chd",
                "dst":"shikgam2/gdl-0021.chd"
            }
        ]
    },
    "flycast_slashout_chd": {
        "download": "https://fightcade.download/flycast/chd_files/slashout_chd.zip",
        "extract_to": [
            {
                "src":"slashout/gdl-0004.chd",
                "dst":"slashout/gdl-0004.chd"
            }
        ]
    },
    "flycast_spkrbtl_chd": {
        "download": "https://fightcade.download/flycast/chd_files/spkrbtl_chd.zip",
        "extract_to": [
            {
                "src":"spkrbtl/gdl-0005.chd",
                "dst":"spkrbtl/gdl-0005.chd"
            }
        ]
    },
    "flycast_sprtjam_chd": {
        "download": "https://fightcade.download/flycast/chd_files/sprtjam_chd.zip",
        "extract_to": [
            {
                "src":"sprtjam/gdl-0003.chd",
                "dst":"sprtjam/gdl-0003.chd"
            }
        ]
    },
    "flycast_ss2005_chd": {
        "download": "https://fightcade.download/flycast/chd_files/ss2005_chd.zip",
        "extract_to": [
            {
                "src":"ss2005/gdl-0031.chd",
                "dst":"ss2005/gdl-0031.chd"
            },
            {
                "src":"ss2005/gdl-0031a.chd",
                "dst":"ss2005/gdl-0031a.chd"
            }
        ]
    },
    "flycast_starseek_chd": {
        "download": "https://fightcade.download/flycast/chd_files/starseek_chd.zip",
        "extract_to": [
            {
                "src":"starseek/gdl-0005.chd",
                "dst":"starseek/gdl-0005.chd"
            }
        ]
    },
    "flycast_takoron_chd": {
        "download": "https://fightcade.download/flycast/chd_files/takoron_chd.zip",
        "extract_to": [
            {
                "src":"takoron/gdl-0042.chd",
                "dst":"takoron/gdl-0042.chd"
            }
        ]
    },
    "flycast_tetkiwam_chd": {
        "download": "https://fightcade.download/flycast/chd_files/tetkiwam_chd.zip",
        "extract_to": [
            {
                "src":"tetkiwam/gdl-0020.chd",
                "dst":"tetkiwam/gdl-0020.chd"
            }
        ]
    },
    "flycast_trgheart_chd": {
        "download": "https://fightcade.download/flycast/chd_files/trgheart_chd.zip",
        "extract_to": [
            {
                "src":"trgheart/gdl-0036.chd",
                "dst":"trgheart/gdl-0036.chd"
            },
            {
                "src":"trgheart/gdl-0036a.chd",
                "dst":"trgheart/gdl-0036a.chd"
            }
        ]
    },
    "flycast_trizeal_chd": {
        "download": "https://fightcade.download/flycast/chd_files/trizeal_chd.zip",
        "extract_to": [
            {
                "src":"trizeal/gdl-0026.chd",
                "dst":"trizeal/gdl-0026.chd"
            }
        ]
    },
    "flycast_undefeat_chd": {
        "download": "https://fightcade.download/flycast/chd_files/undefeat_chd.zip",
        "extract_to": [
            {
                "src":"undefeat/gdl-0035.chd",
                "dst":"undefeat/gdl-0035.chd"
            }
        ]
    },
    "flycast_usagiym_chd": {
        "download": "https://fightcade.download/flycast/chd_files/usagiym_chd.zip",
        "extract_to": [
            {
                "src":"usagiym/gdl-0022.chd",
                "dst":"usagiym/gdl-0022.chd"
            }
        ]
    },
    "flycast_vathlete_chd": {
        "download": "https://fightcade.download/flycast/chd_files/vathlete_chd.zip",
        "extract_to": [
            {
                "src":"vathlete/gdl-0019.chd",
                "dst":"vathlete/gdl-0019.chd"
            }
        ]
    },
    "flycast_vtennis2_chd": {
        "download": "https://fightcade.download/flycast/chd_files/vtennis2_chd.zip",
        "extract_to": [
            {
                "src":"vtennis2/gdl-0015.chd",
                "dst":"vtennis2/gdl-0015.chd"
            }
        ]
    },
    "flycast_vtennisg_chd": {
        "download": "https://fightcade.download/flycast/chd_files/vtennisg_chd.zip",
        "extract_to": [
            {
                "src":"vtennisg/gdl-0011.chd",
                "dst":"vtennisg/gdl-0011.chd"
            }
        ]
    },
    "flycast_wsbbgd_chd": {
        "download": "https://fightcade.download/flycast/chd_files/wsbbgd_chd.zip",
        "extract_to": [
            {
                "src":"wsbbgd/gdl-0010.chd",
                "dst":"wsbbgd/gdl-0010.chd"
            }
        ]
    },
    "dragntr3_chd": {
        "download": "https://fightcade.download/flycast/chd_files/dragntr3_chd.zip",
        "extract_to": [
            {
                "src":"dragntr3/gds-0041a.chd",
                "dst":"dragntr3/gds-0041a.chd"
            }
        ]
    },
    "quizqgd_chd": {
        "download": "https://fightcade.download/flycast/chd_files/quizqgd_chd.zip",
        "extract_to": [
            {
                "src":"quizqgd/gdl-0017.chd",
                "dst":"quizqgd/gdl-0017.chd"
            }
        ]
    },
    "shaktam_chd": {
        "download": "https://fightcade.download/flycast/chd_files/shaktam_chd.zip",
        "extract_to": [
            {
                "src":"shaktam/gds-0002b.chd",
                "dst":"shaktam/gds-0002b.chd"
            }
        ]
    },
    "shaktmsp_chd": {
        "download": "https://fightcade.download/flycast/chd_files/shaktmsp_chd.zip",
        "extract_to": [
            {
                "src":"shaktamsp/gds-0013.chd",
                "dst":"shaktamsp/gds-0013.chd"
            }
        ]
    },
    "flycast_beachspi_chd": {
        "download": "https://fightcade.download/flycast/chd_files/beachspi_chd.zip",
        "extract_to": [
            {
                "src": "beachspi/gds-0014.chd",
                "dst": "beachspi/gds-0014.chd"
            }
        ]
    },
    "flycast_vf4_chd": {
        "download": "https://fightcade.download/flycast/chd_files/vf4_chd.zip",
        "extract_to": [
            {
                "src": "vf4/gds-0012c.chd",
                "dst": "vf4/gds-0012c.chd"
            }
        ]
    },
    "flycast_vf4evo_chd": {
        "download": "https://fightcade.download/flycast/chd_files/vf4evo_chd.zip",
        "extract_to": [
            {
                "src": "vf4evo/gds-0024c.chd",
                "dst": "vf4evo/gds-0024c.chd"
            }
        ]
    },
    "flycast_vf4tuned_chd": {
        "download": "https://fightcade.download/flycast/chd_files/vf4tuned_chd.zip",
        "extract_to": [
            {
                "src": "vf4tuned/gds-0036f.chd",
                "dst": "vf4tuned/gds-0036f.chd"
            }
        ]
    },
    "flycast_vstrik3_chd": {
        "download": "https://fightcade.download/flycast/chd_files/vstrik3_chd.zip",
        "extract_to": [
            {
                "src": "vstrik3/gds-0006.chd",
                "dst": "vstrik3/gds-0006.chd"
            }
        ]
    },
    "flycast_demofist": {
        "download": "https://fightcade.download/flycast/demofist.zip",
        "require": ["flycast_atomiswave_bios"]
    },
    "flycast_dolphin": {
        "download": "https://fightcade.download/flycast/dolphin.zip",
        "require": ["flycast_atomiswave_bios"]
    },
    "flycast_fotns": {
        "download": "https://fightcade.download/flycast/fotns.zip",
        "require": [
            "flycast_atomiswave_bios",
            "save_fotns"
        ]
    },
    "flycast_ggisuka": {
        "download": "https://fightcade.download/flycast/ggisuka.zip",
        "require": ["flycast_atomiswave_bios"]
    },
    "flycast_ggx15": {
        "download": "https://fightcade.download/flycast/ggx15.zip",
        "require": ["flycast_atomiswave_bios", "save_ggx15"]
    },
    "flycast_kofnw": {
        "download": "https://fightcade.download/flycast/kofnw.zip",
        "require": ["flycast_atomiswave_bios", "save_kofnw"]
    },
    "flycast_kofxi": {
        "download": "https://fightcade.download/flycast/kofxi.zip",
        "require": [
            "flycast_atomiswave_bios",
            "save_kofxi"
        ]
    },
    "flycast_kov7sprt": {
        "download": "https://fightcade.download/flycast/kov7sprt.zip",
        "require": ["flycast_atomiswave_bios"]
    },
    "flycast_mslug6": {
        "download": "https://fightcade.download/flycast/mslug6.zip",
        "require": ["flycast_atomiswave_bios"]
    },
    "flycast_ngbc": {
        "download": "https://fightcade.download/flycast/ngbc.zip",
        "require": ["flycast_atomiswave_bios", "save_ngbc"]
    },
    "flycast_rumblef": {
        "download": "https://fightcade.download/flycast/rumblef.zip",
        "require": ["flycast_atomiswave_bios", "save_rumblef"]
    },
    "flycast_rumblef2": {
        "download": "https://fightcade.download/flycast/rumblef2.zip",
        "require": [
            "flycast_atomiswave_bios",
            "save_rumblef2"
        ]
    },
    "flycast_samsptk": {
        "download": "https://fightcade.download/flycast/samsptk.zip",
        "require": [
            "flycast_atomiswave_bios",
            "save_samsptk"
        ]
    },
    "flycast_kenju": {
        "download": "https://fightcade.download/flycast/aw-kenju_proto-AW00.bin",
        "require": [
            "flycast_naomi_bios",
            "flycast_atomiswave_bios",
            "save_kenju"
        ]
    },
    "flycast_anmlbskt": {
        "download": "https://fightcade.download/flycast/anmlbskt.zip",
        "required": ["flycast_atomiswave_bios"]
    },
    "flycast_basschal": {
        "download": "https://fightcade.download/flycast/basschal.zip",
        "required": ["flycast_atomiswave_bios"]
    },
    "flycast_blokpong": {
        "download": "https://fightcade.download/flycast/blokpong.zip",
        "required": ["flycast_atomiswave_bios"]
    },
    "flycast_claychal": {
        "download": "https://fightcade.download/flycast/claychal.zip",
        "required": ["flycast_atomiswave_bios"]
    },
    "flycast_dirtypig": {
        "download": "https://fightcade.download/flycast/dirtypig.zip",
        "required": ["flycast_atomiswave_bios"]
    },
    "flycast_rangrmsn": {
        "download": "https://fightcade.download/flycast/rangrmsn.zip",
        "required": ["flycast_atomiswave_bios"]
    },
    "flycast_salmankt": {
        "download": "https://fightcade.download/flycast/salmankt.zip",
        "required": ["flycast_atomiswave_bios"]
    },
    "flycast_sprtshot": {
        "download": "https://fightcade.download/flycast/sprtshot.zip",
        "required": ["flycast_atomiswave_bios"]
    },
    "flycast_sushibar": {
        "download": "https://fightcade.download/flycast/sushibar.zip",
        "required": ["flycast_atomiswave_bios"]
    },
    "flycast_vfurlong": {
        "download": "https://fightcade.download/flycast/vfurlong.zip",
        "required": ["flycast_atomiswave_bios"]
    },
    "flycast_waidrive": {
        "download": "https://fightcade.download/flycast/waidrive.zip",
        "required": ["flycast_atomiswave_bios"]
    },
    "flycast_ftspeed": {
        "download": "https://fightcade.download/flycast/ftspeed.zip",
        "required": ["flycast_atomiswave_bios"]
    },
    "flycast_maxspeed": {
        "download": "https://fightcade.download/flycast/maxspeed.zip",
        "required": ["flycast_atomiswave_bios"]
    },
    "flycast_dc_cvs2": {
        "download": "https://fightcade.download/flycast/dc/Capcom%20vs.%20SNK%202%20-%20Millionaire%20Fighting%202001%20(Japan).chd"
    },
    "flycast_dc_doa2": {
        "download": "https://fightcade.download/flycast/dc/Dead%20or%20Alive%202%20(USA).chd"
    },
    "flycast_dc_doa2_le": {
        "download": "https://fightcade.download/flycast/dc/Dead%20or%20Alive%202%20(Japan)%20(Shokai%20Genteiban).chd",
        "required": ["save_dc_doa2_le"]
    },
    "flycast_dc_fvipers2": {
        "download": "https://fightcade.download/flycast/dc/Fighting%20Vipers%202%20(Japan)%20(En%2CJa).chd",
        "required": ["save_dc_fvipers2"]
    },
    "flycast_dc_mvsc2": {
        "download": "https://fightcade.download/flycast/dc/Marvel%20vs.%20Capcom%202%20(USA).chd",
        "required": ["save_dc_mvsc2"]
    },
    "flycast_dc_mkg": {
        "download": "https://fightcade.download/flycast/dc/Mortal%20Kombat%20Gold%20(USA)%20(Rev%201).chd",
        "required": ["save_dc_mkg"]
    },
    "flycast_dc_pstone2": {
        "download": "https://fightcade.download/flycast/dc/Power%20Stone%202%20(USA).chd",
        "required": ["save_dc_pstone2"]
    },
    "flycast_dc_plasmasword": {
        "download": "https://fightcade.download/flycast/dc/Plasma%20Sword%20-%20Nightmare%20of%20Bilstein%20(USA).chd",
        "required": ["save_dc_plasmasword"]
    },
    "flycast_dc_soulclbr": {
        "download": "https://fightcade.download/flycast/dc/Soulcalibur%20(USA).chd",
        "required": ["save_dc_soulclbr"]
    },
    "flycast_dc_techromancer": {
        "download": "https://fightcade.download/flycast/dc/Tech%20Romancer%20(USA).chd",
        "required": ["save_dc_techromancer"]
    },
    "flycast_dc_vf3tb": {
        "download": "https://fightcade.download/flycast/dc/Virtua%20Fighter%203tb%20(USA).chd",
        "require": ["save_dc_vf3tb"]
    },
    "flycast_dc_vampirechronicle": {
        "download": "https://fightcade.download/flycast/dc/Vampire%20Chronicle%20for%20Matching%20Service%20(Japan).chd",
        "required": ["save_dc_vampirechronicle"]
    },
    "flycast_dc_kenju": {
        "download": "https://fightcade.download/flycast/dc/dc_kenju.zip",
        "require": ["flycast_dc_bios", "save_dc_kenju"],
        "extract_to": [
            {
                "src": "KenJu/KenJu.gdi",
                "dst": "KenJu/KenJu.gdi"
            },
            {
                "src": "KenJu/track01.iso",
                "dst": "KenJu/track01.iso"
            },
            {
                "src": "KenJu/track02.raw",
                "dst": "KenJu/track02.raw"
            },
            {
                "src": "KenJu/track03.iso",
                "dst": "KenJu/track03.iso"
            },
            {
                "src": "KenJu/track04.iso",
                "dst": "KenJu/track04.iso"
            }
        ]
    },
    "flycast_dc_pf2012": {
        "download": "https://fightcade.download/flycast/dc/Psychic%20Force%202012%20(USA).chd",
        "require": ["flycast_dc_bios", "save_dc_pf2012"]
    },
    "flycast_dc_ready2rumbleboxing": {
        "download": "https://fightcade.download/flycast/dc/Ready%202%20Rumble%20Boxing%20(USA).chd",
        "required": ["save_dc_ready2rumbleboxing"]
    },
    "flycast_dc_sonicadventure2": {
        "download": "https://fightcade.download/flycast/dc/Sonic%20Adventure%202%20(USA)%20(En%2CJa%2CFr%2CDe%2CEs).chd",
        "required": [""]
    },
    "flycast_dc_spf2x": {
        "download": "https://fightcade.download/flycast/dc/Super%20Puzzle%20Fighter%20II%20X%20for%20Matching%20Service%20(Japan).chd"
    },
    "flycast_dc_thps2": {
        "download": "https://fightcade.download/flycast/dc/Tony%20Hawk's%20Pro%20Skater%202%20(USA).chd",
        "required": ["save_dc_thps2"]
    },
    "flycast_dc_totd_usa": {
        "download": "https://fightcade.download/flycast/dc/Typing%20of%20the%20Dead%2C%20The%20(USA).chd"
    },
    "flycast_dc_vonot": {
        "download": "https://fightcade.download/flycast/dc/Cyber%20Troopers%20-%20Virtual-On%20-%20Oratorio%20Tangram%20(USA).chd",
        "required": ["save_dc_vonot"]
    },
    "flycast_dc_ready2rumbleboxing_r2": {
        "download": "https://fightcade.download/flycast/dc/Ready%202%20Rumble%20Boxing%20-%20Round%202%20(USA)%20(En%2CFr%2CDe).chd",
        "required": ["save_dc_ready2rumbleboxing_r2"]
    },
    "flycast_dc_vigilante8_2o": {
        "download": "https://fightcade.download/flycast/dc/Vigilante%208%20-%202nd%20Offense%20(USA).chd"
    },
    "flycast_naomi_bios": {
        "download": "https://fightcade.download/flycast/bios/naomi.zip",
        "copy_to": "../data/naomi.zip"
    },
    "flycast_atomiswave_bios": {
        "download": "https://fightcade.download/flycast/bios/awbios.zip",
        "copy_to": "../data/awbios.zip"
    },
    "flycast_dc_bios": {
        "download": "https://fightcade.download/flycast/bios/dc_bios.zip",
        "extract_to": [
            {"src":"dc_boot.bin", "dst":"../Data/dc_boot.bin"},
            {"src":"dc_flash.bin", "dst":"../Data/dc_flash.bin"}
        ]
    },
    "save_dc_cvs2": {
        "download":"https://github.com/blueminder/flycast-netplay-savestates/raw/main/Capcom%20vs.%20SNK%202%20-%20Millionaire%20Fighting%202001%20(Japan).state.net",
        "copy_to": "../data/Capcom vs. SNK 2 - Millionaire Fighting 2001 (Japan).state.net"
    },
    "save_dc_vonot": {
        "download":"https://github.com/blueminder/flycast-netplay-savestates/raw/main/Cyber%20Troopers%20-%20Virtual-On%20-%20Oratorio%20Tangram%20(USA).state.net",
        "copy_to": "../data/Cyber Troopers - Virtual-On - Oratorio Tangram (USA).state.net"
    },
    "save_dc_doa2_le": {
        "download":"https://github.com/blueminder/flycast-netplay-savestates/raw/main/Dead%20or%20Alive%202%20(Japan)%20(Shokai%20Genteiban).state.net",
        "copy_to": "../data/Dead or Alive 2 (Japan) (Shokai Genteiban).state.net"
    },
    "save_dc_fvipers2": {
        "download":"https://github.com/blueminder/flycast-netplay-savestates/raw/main/Fighting%20Vipers%202%20(Japan)%20(En,Ja).state.net",
        "copy_to": "../data/Fighting Vipers 2 (Japan) (En,Ja).state.net"
    },
    "save_dc_kenju": {
        "download":"https://github.com/blueminder/flycast-netplay-savestates/raw/main/KenJu.state.net",
        "copy_to": "../data/KenJu.state.net"
    },
    "save_dc_mvsc2": {
        "download":"https://github.com/blueminder/flycast-netplay-savestates/raw/main/Marvel%20vs.%20Capcom%202%20(USA).state.net",
        "copy_to": "../data/Marvel vs. Capcom 2 (USA).state.net"
    },
    "save_mvsc2_ratio": {
        "download":"https://github.com/blueminder/flycast-netplay-savestates/raw/main/Marvel_vs_Capcom_2_Ratio(v3).state.net",
        "copy_to": "../data/Marvel_vs_Capcom_2_Ratio(v3).state.net"
    },
    "save_dc_mkg": {
        "download":"https://github.com/blueminder/flycast-netplay-savestates/raw/main/Mortal%20Kombat%20Gold%20(USA)%20(Rev%201).state.net",
        "copy_to": "../data/Mortal Kombat Gold (USA) (Rev 1).state.net"
    },
    "save_dc_plasmasword": {
        "download":"https://github.com/blueminder/flycast-netplay-savestates/raw/main/Plasma%20Sword%20-%20Nightmare%20of%20Bilstein%20(USA).state.net",
        "copy_to": "../data/Plasma Sword - Nightmare of Bilstein (USA).state.net"
    },
    "save_dc_pstone2": {
        "download":"https://github.com/blueminder/flycast-netplay-savestates/raw/main/Power%20Stone%202%20(USA).state.net",
        "copy_to": "../data/Power Stone 2 (USA).state.net"
    },
    "save_dc_pf2012": {
        "download":"https://github.com/blueminder/flycast-netplay-savestates/raw/main/Psychic%20Force%202012%20(USA).state.net",
        "copy_to": "../data/Psychic Force 2012 (USA).state.net"
    },
    "save_dc_ready2rumbleboxing": {
        "download":"https://github.com/blueminder/flycast-netplay-savestates/raw/main/Ready%202%20Rumble%20Boxing%20(USA).state.net",
        "copy_to": "../data/Ready 2 Rumble Boxing (USA).state.net"
    },
    "save_dc_ready2rumbleboxing_r2": {
        "download":"https://github.com/blueminder/flycast-netplay-savestates/raw/main/Ready%202%20Rumble%20Boxing%20-%20Round%202%20(USA)%20(En,Fr,De).state.net",
        "copy_to": "../data/Ready 2 Rumble Boxing - Round 2 (USA) (En,Fr,De).state.net"
    },
    "save_dc_sonicadventure2": {
        "download":"https://github.com/blueminder/flycast-netplay-savestates/raw/main/Sonic%20Adventure%202%20(USA)%20(En,Ja,Fr,De,Es).state.net",
        "copy_to": "../data/Sonic Adventure 2 (USA) (En,Ja,Fr,De,Es).state.net"
    },
    "save_dc_soulclbr": {
        "download":"https://github.com/blueminder/flycast-netplay-savestates/raw/main/Soulcalibur%20(USA).state.net",
        "copy_to": "../data/Soulcalibur (USA).state.net"
    },
    "save_dc_techromancer": {
        "download":"https://github.com/blueminder/flycast-netplay-savestates/raw/main/Tech%20Romancer%20(USA).state.net",
        "copy_to": "../data/Tech Romancer (USA).state.net"
    },
    "save_dc_thps2": {
        "download":"https://github.com/blueminder/flycast-netplay-savestates/raw/main/Tony%20Hawk's%20Pro%20Skater%202%20(USA).state.net",
        "copy_to": "../data/Tony Hawk's Pro Skater 2 (USA).state.net"
    },
    "save_dc_vampirechronicle": {
        "download":"https://github.com/blueminder/flycast-netplay-savestates/raw/main/Vampire%20Chronicle%20for%20Matching%20Service%20(Japan).state.net",
        "copy_to": "../data/Vampire Chronicle for Matching Service (Japan).state.net"
    },
    "save_dc_vf3tb": {
        "download":"https://github.com/blueminder/flycast-netplay-savestates/raw/main/Virtua%20Fighter%203tb%20(USA).state.net",
        "copy_to": "../data/Virtua Fighter 3tb (USA).state.net"
    },
    "save_ausfache": {
        "download":"https://github.com/blueminder/flycast-netplay-savestates/raw/main/ausfache.state.net",
        "copy_to": "../data/ausfache.state.net"
    },
    "save_kenju": {
        "download":"https://github.com/blueminder/flycast-netplay-savestates/raw/main/aw-kenju_proto-AW00.state.net",
        "copy_to": "../data/aw-kenju_proto-AW00.state.net"
    },
    "save_capsnk": {
        "download":"https://github.com/blueminder/flycast-netplay-savestates/raw/main/capsnk.state.net",
        "copy_to": "../data/capsnk.state.net"
    },
    "save_cspike": {
        "download":"https://github.com/blueminder/flycast-netplay-savestates/raw/main/cspike.state.net",
        "copy_to": "../data/cspike.state.net"
    },
    "save_cvs2": {
        "download":"https://github.com/blueminder/flycast-netplay-savestates/raw/main/cvs2.state.net",
        "copy_to": "../data/cvs2.state.net"
    },
    "save_doa2m": {
        "download":"https://github.com/blueminder/flycast-netplay-savestates/raw/main/doa2m.state.net",
        "copy_to": "../data/doa2m.state.net"
    },
    "save_fotns": {
        "download":"https://github.com/blueminder/flycast-netplay-savestates/raw/main/fotns.state.net",
        "copy_to": "../data/fotns.state.net"
    },
    "save_ggx": {
        "download":"https://github.com/blueminder/flycast-netplay-savestates/raw/main/ggx.state.net",
        "copy_to": "../data/ggx.state.net"
    },
    "save_ggx15": {
        "download":"https://github.com/blueminder/flycast-netplay-savestates/raw/main/ggx15.state.net",
        "copy_to": "../data/ggx15.state.net"
    },
    "save_ggxxac": {
        "download":"https://github.com/blueminder/flycast-netplay-savestates/raw/main/ggxxac.state.net",
        "copy_to": "../data/ggxxac.state.net"
    },
    "save_ggxxrl": {
        "download":"https://github.com/blueminder/flycast-netplay-savestates/raw/main/ggxxrl.state.net",
        "copy_to": "../data/ggxxrl.state.net"
    },
    "save_kofnw": {
        "download":"https://github.com/blueminder/flycast-netplay-savestates/raw/main/kofnw.state.net",
        "copy_to": "../data/kofnw.state.net"
    },
    "save_kofxi": {
        "download":"https://github.com/blueminder/flycast-netplay-savestates/raw/main/kofxi.state.net",
        "copy_to": "../data/kofxi.state.net"
    },
    "save_meltyb": {
        "download":"https://github.com/blueminder/flycast-netplay-savestates/raw/main/meltyb.state.net",
        "copy_to": "../data/meltyb.state.net"
    },
    "save_mvsc2": {
        "download":"https://github.com/blueminder/flycast-netplay-savestates/raw/main/mvsc2.state.net",
        "copy_to": "../data/mvsc2.state.net"
    },
    "save_ngbc": {
        "download":"https://github.com/blueminder/flycast-netplay-savestates/raw/main/ngbc.state.net",
        "copy_to": "../data/ngbc.state.net"
    },
    "save_pjustic": {
        "download":"https://github.com/blueminder/flycast-netplay-savestates/raw/main/pjustic.state.net",
        "copy_to": "../data/pjustic.state.net"
    },
    "save_pstone": {
        "download":"https://github.com/blueminder/flycast-netplay-savestates/raw/main/pstone.state.net",
        "copy_to": "../data/pstone.state.net"
    },
    "save_pstone2": {
        "download":"https://github.com/blueminder/flycast-netplay-savestates/raw/main/pstone2.state.net",
        "copy_to": "../data/pstone2.state.net"
    },
    "save_puyoda": {
        "download":"https://github.com/blueminder/flycast-netplay-savestates/raw/main/puyoda.state.net",
        "copy_to": "../data/puyoda.state.net"
    },
    "save_puyofev": {
        "download":"https://github.com/blueminder/flycast-netplay-savestates/raw/main/puyofev.state.net",
        "copy_to": "../data/puyofev.state.net"
    },
    "save_rumblef": {
        "download":"https://github.com/blueminder/flycast-netplay-savestates/raw/main/rumblef.state.net",
        "copy_to": "../data/rumblef.state.net"
    },
    "save_rumblef2": {
        "download":"https://github.com/blueminder/flycast-netplay-savestates/raw/main/rumblef2.state.net",
        "copy_to": "../data/rumblef2.state.net"
    },
    "save_samsptk": {
        "download":"https://github.com/blueminder/flycast-netplay-savestates/raw/main/samsptk.state.net",
        "copy_to": "../data/samsptk.state.net"
    },
    "save_senkosp": {
        "download":"https://github.com/blueminder/flycast-netplay-savestates/raw/main/senkosp.state.net",
        "copy_to": "../data/senkosp.state.net"
    },
    "save_sfz3ugd": {
        "download":"https://github.com/blueminder/flycast-netplay-savestates/raw/main/sfz3ugd.state.net",
        "copy_to": "../data/sfz3ugd.state.net"
    },
    "save_toyfight": {
        "download":"https://github.com/blueminder/flycast-netplay-savestates/raw/main/toyfight.state.net",
        "copy_to": "../data/toyfight.state.net"
    },
    "save_vtennis2": {
        "download":"https://github.com/blueminder/flycast-netplay-savestates/raw/main/vtennis2.state.net",
        "copy_to": "../data/vtennis2.state.net"
    },
    "save_beachspi": {
        "download": "https://github.com/blueminder/flycast-netplay-savestates/raw/main/beachspi.state.net",
        "copy_to": "../data/beachspi.state.net"
    },
    "save_vf4": {
        "download": "https://github.com/blueminder/flycast-netplay-savestates/raw/main/vf4.state.net",
        "copy_to": "../data/vf4.state.net"
    },
    "save_vf4evo": {
        "download": "https://github.com/blueminder/flycast-netplay-savestates/raw/main/vf4evo.state.net",
        "copy_to": "../data/vf4evo.state.net"
    },
    "save_vf4tuned": {
        "download": "https://github.com/blueminder/flycast-netplay-savestates/raw/main/vf4tuned.state.net",
        "copy_to": "../data/vf4tuned.state.net"
    },
    "save_vstrik3": {
        "download": "https://github.com/blueminder/flycast-netplay-savestates/raw/main/vstrik3.state.net",
        "copy_to": "../data/vstrik3.state.net"
    },
    "flycast_naomi2_bios": {
        "download": "https://fightcade.download/flycast/bios/naomi2.zip",
        "copy_to": "../data/naomi2.zip"
    }
}